eval/episode_length,eval/episode_length_std,eval/normalized_episode_reward,eval/normalized_episode_reward_std,loss/actor,loss/critic1,loss/critic2,timestep
167.5,3.263433774416144,6.337436892220204,0.04880652229346427,-2.203674194574358,0.17460896911472074,0.17591774836927607,1000
140.5,2.202271554554524,5.672926250662037,0.039236798315861986,-2.279456581115724,0.41907938413321927,0.4170953257679936,2000
137.9,4.158124577258358,5.684129558942645,0.08356545469711421,-2.3047408084869456,0.6963601362705241,0.6980239225626002,3000
113.2,4.044749683231337,4.9207138564878505,0.10111851867945482,-2.3205417952537535,0.9486811165809629,0.9485941894352428,4000
172.8,4.728636167014756,6.653719547687545,0.13628613460528707,-2.3279864144325226,1.1952031230926514,1.1981501920223225,5000
85.8,5.3814496188294845,3.6595198877029813,0.18723132336138124,-2.33400334072113,1.442944276094437,1.4599458716511717,6000
218.1,15.016324450410627,11.339915661506133,0.749032422529406,-2.337772643566134,1.784058292806148,1.8001842889785742,7000
119.8,4.019950248448356,5.250384345701126,0.21758383398247633,-2.3415021109580976,2.076540091276163,2.0900536541938783,8000
123.6,46.43102411104024,6.432551522183239,3.5861250505470585,-2.344381093502044,2.495621018886567,2.4886769139766693,9000
143.2,50.55056874061854,7.241418941447265,3.2146321559570277,-2.3449151749610935,2.928643188714975,2.918828424334529,10000
173.3,14.464093473149292,8.868371763098084,0.9727601915939761,-2.3473621120452877,3.3898936204910273,3.355932290554054,11000
118.3,14.1,5.931875687082459,1.0588288459959478,-2.348461156845097,3.8797532491684037,3.852600607395176,12000
170.7,37.027152199433324,6.961874096614941,1.6292105494040314,-2.3491427893638614,4.426717503309246,4.379111323595052,13000
143.1,33.99838231445725,7.404267112258184,2.9889210780541755,-2.3501571283340428,5.00900450944901,4.936461006402973,14000
225.9,81.1941500355783,10.973297852264796,4.833401450269234,-2.350763085365297,5.793663547039027,5.7577133514881105,15000
217.4,40.31922618305069,12.149791941413127,2.895849533244239,-2.35081846380233,6.497573779344553,6.430419725894939,16000
132.2,19.35355264544471,7.552719560912669,1.498756230584269,-2.351204864501948,7.3272786731720085,7.333312879085543,17000
209.1,58.14886069391214,15.802841889235339,6.519044068061776,-2.3515514597892753,8.089576028823847,8.075486646652232,18000
147.0,34.73326935374786,8.222777495040473,3.6155346207794015,-2.353266874313353,8.798140674591048,8.836421415328992,19000
213.7,18.520529150107997,12.729502114509724,1.6505020337112608,-2.3536563577652,9.381446683883686,9.419663045406333,20000
178.6,63.840739344089684,11.567988725385039,6.3421847033595515,-2.354469464302067,9.866593459606184,9.874387197971322,21000
377.4,313.24437744355447,30.42670114503751,31.07476365038222,-2.3553735470771815,10.603446140766144,10.519058624744416,22000
208.0,5.621387729022079,12.999952068931725,0.6686532379324303,-2.3558644347190842,11.041037267684926,11.032980295181263,23000
220.8,42.94601262049831,12.689887952650574,4.963396570815328,-2.357062231063849,11.650445920944223,11.723149949550605,24000
219.4,34.5867026471157,7.206390139839722,3.3778351283923014,-2.356672050476071,12.066478111743926,12.010107134819036,25000
137.7,52.54150740129179,8.237462082106495,4.599381546600366,-2.357652525424955,12.917269224166883,12.800032555580142,26000
219.6,144.2485355211622,15.843506972150351,15.443021226253736,-2.3579011573791435,13.456840211868249,13.361899279594425,27000
109.2,11.855800268223145,4.873850818035496,0.909513053586195,-2.357880252838138,13.966705986022925,13.827458343505857,28000
148.2,7.096477999684068,5.382436244734079,0.03255810150275324,-2.357598850727082,14.531193691253653,14.494336565017685,29000
160.5,50.67790445549224,9.357911612086687,4.391738307577419,-2.357208508014681,15.11957973861695,15.033782767295852,30000
444.8,207.18967155724727,37.31300889593027,21.429069475747742,-2.3569966697692903,15.980972312927241,15.882906973838807,31000
364.7,100.43609908792754,31.86148463472574,10.148860638515957,-2.3565811228752156,16.33209323024749,16.162807084083582,32000
494.9,130.79713299610205,42.96996811968211,13.670437556727277,-2.3564539418220525,17.061336786270147,16.99203012371066,33000
138.7,35.2279718405701,7.816754635711954,2.9992562430961742,-2.357054062843324,17.799153257370005,17.77260760307309,34000
191.4,12.705904139414873,11.065212565369025,1.0957572921113061,-2.3561864695549013,18.44976221561431,18.14236160945892,35000
330.2,253.2803979782091,26.152910357377827,25.87099189501867,-2.356981794834139,18.669278475761413,18.447712424278205,36000
308.0,68.0808343074613,24.226427894355304,7.713778596604907,-2.3567209081649745,19.402979271888732,19.318387002944963,37000
233.5,4.984977432245807,14.861304096993052,0.3358291781744987,-2.3578654479980536,20.178761961936974,19.9676682281494,38000
247.6,18.618270596379247,16.726089860587503,2.128880195367918,-2.3576304001808115,21.08140123558041,20.943215872764583,39000
222.6,37.96366684080978,13.804920739606386,3.424110310080709,-2.3575228857994097,21.686773241996786,21.418489548683127,40000
134.9,24.929701161466017,7.17317801841338,2.1800414419980005,-2.357779958248138,22.055536171913115,21.70500274658202,41000
384.1,344.1445771765117,33.200729394700375,34.228326219676745,-2.3581271023750308,23.35032673168186,23.213270119667065,42000
194.1,148.43277939862205,12.849873574102547,15.079247066818304,-2.3600937948226957,24.21829400062562,24.113518456459094,43000
78.4,3.4117444218463957,3.608819424865518,0.17123592771737747,-2.36361018753052,23.74253975296018,23.404094409942655,44000
520.8,351.6133672089274,47.47659188740311,35.62883533418369,-2.365537561893467,23.01820124626162,22.841880081176736,45000
245.0,252.50544548583503,18.761995626701005,25.354826579771306,-2.3663436923027135,22.786494587898275,22.563288750648532,46000
194.7,38.95137994988111,13.079456760182854,3.8367358523349555,-2.3665441088676453,23.031162085533108,22.72144306659697,47000
535.8,403.6527715747781,45.467927787062074,40.05029148503737,-2.3675048146247857,23.059543084144572,22.681737233161886,48000
598.4,367.06162970269725,54.71082042547012,37.57682094078691,-2.3684967918395965,23.209051783561737,22.935535688400314,49000
706.5,363.79534081678395,60.11200922405246,36.919784569750334,-2.3682948141098104,23.749897740364073,23.347239952087396,50000
917.9,176.4451472837947,81.98330085428451,17.342803295085083,-2.3695923643112162,23.94654348373417,23.629561565399126,51000
292.9,249.81090848880078,23.363781259889702,25.15626847022194,-2.3697757267951944,24.42301180076596,24.01205458259585,52000
401.4,299.89371450565613,32.457268733539905,31.784102808996217,-2.369910946369171,24.414370149612406,24.00870086860656,53000
802.2,285.32956383802923,75.55600789289673,28.661147621307897,-2.3706869783401494,25.0763260002136,24.715275324821476,54000
892.2,217.04967173437512,78.74031161984053,20.8643084522373,-2.3702473802566533,25.112932039260812,24.754442236900314,55000
898.8,202.44001580715212,83.47526471083859,20.88888194068915,-2.370745019912717,25.31773527908324,24.87014526557922,56000
936.4,171.13456693491239,87.73733787419361,17.317015697850533,-2.3707540516853367,25.872216648101826,25.251578197479247,57000
620.7,379.94316680261534,54.2904246266962,38.2921305732129,-2.3712095050811723,26.218596229553153,25.592895026206925,58000
1000.0,0.0,89.81966562573245,1.104393983267162,-2.371724509716035,26.420727228164687,26.079357276916504,59000
933.2,200.39999999999998,83.77281395873716,19.089103578771088,-2.3721090435981735,27.211155143737805,26.67893830299376,60000
926.2,221.4,81.93268813324657,21.18721772980534,-2.372214268684384,27.51182633590698,27.078917770385747,61000
842.8,314.4715567424183,74.72878080700127,29.99699307906429,-2.372620512485508,28.043753181457564,27.11978209114079,62000
849.9,300.20408058519126,76.59556019329504,29.57118422403718,-2.37214255380631,28.2446566638946,27.85375576019287,63000
921.1,236.7,80.73671982846531,22.193939106373637,-2.3724983487129196,29.061923923492454,28.58383029174803,64000
613.6,386.5499191566336,53.24010271985219,37.68843177173034,-2.3726977734565766,28.80608240509033,28.342248476028413,65000
921.9,234.3,81.27303333381886,22.536380199110095,-2.3735669131278914,28.8323496799469,28.20083447265623,66000
763.9,360.6561936248981,66.69366116612369,34.24695019657575,-2.3732174668311967,29.693508527755753,28.8895227031708,67000
961.5,115.5,88.51791816354752,11.048605582692863,-2.374404887676235,29.605881048202484,28.941263462066633,68000
592.1,409.1907745783133,51.3989960186623,39.743157643544066,-2.37379257726669,29.624215517044078,29.326058715820313,69000
856.1,287.807036050198,79.0198887765657,29.18710686735895,-2.3736621384620693,29.896474205017068,29.640667568206815,70000
894.9,231.9915731228184,79.49588338339213,22.39075896133099,-2.374102680206302,30.294679218292192,29.565448215484626,71000
959.8,120.60000000000001,85.73479679466774,11.462827044881891,-2.374713272571558,29.831471845626822,29.27141990280154,72000
993.7,18.900000000000002,89.73271229534586,2.151285451279019,-2.3749612636566226,30.406147087097175,30.164965833663906,73000
868.0,240.32519634861427,76.84708893285557,22.86064206390925,-2.3753175401687656,29.807949169158928,29.67365707015993,74000
924.3,227.1,83.74447012283079,22.23768095111357,-2.3758092494010925,29.931743452072173,30.289302583694475,75000
807.3,305.65734082465616,70.90730056996377,29.060165168977033,-2.3768101949691776,30.65574392509456,29.85370458030698,76000
835.9,328.25552546758445,74.2069836872873,31.633596420537003,-2.3767528748512308,31.355122486114524,30.83304154777532,77000
967.3,87.95231662668131,86.07205559889277,8.597450090022678,-2.3795513062477154,31.47822019958496,31.065137287139898,78000
693.7,376.0851100482443,59.61243835971334,35.95198544877417,-2.38198012828827,28.427244401931794,27.967998035430984,79000
1000.0,0.0,89.92927162286986,1.6495656313675893,-2.382613305091856,27.04612305450437,26.636845010757433,80000
938.2,185.39999999999998,81.4146961995379,17.401158168628474,-2.383370102882381,25.831011562347353,25.517936622619615,81000
840.0,320.0012499975586,72.68541971263782,30.185961024205778,-2.383413721084598,25.40032872772217,25.20072819137575,82000
1000.0,0.0,89.44471776602624,1.0021639937948603,-2.3833225250244086,24.732689838409403,24.351220567703216,83000
1000.0,0.0,88.69155611058767,1.2942597359035655,-2.3837633647918715,24.50976619243622,24.157662084579464,84000
939.1,163.08430335259123,80.36415129526392,15.400568841991397,-2.3838898391723653,24.21976845169067,23.832302203178397,85000
1000.0,0.0,87.5668212152463,1.8244249254667637,-2.3842687463760375,24.093063539505003,23.791824264526362,86000
952.8,141.6,83.671121749836,13.527847450540381,-2.384307266712196,23.7211659536362,23.323443798065174,87000
922.6,232.20000000000002,82.08331302219281,22.409591122594342,-2.384308648109431,23.37659649658204,23.015423731803835,88000
1000.0,0.0,87.14330513817254,1.4963417285870828,-2.3846237483024604,23.54167272758483,23.189363590240536,89000
898.2,216.40739358903613,79.75282777874702,20.735950235471083,-2.3848194780349736,22.889173074722333,22.575919486999528,90000
926.2,221.4,84.5544794904315,21.567541515655645,-2.38517521238327,23.168335098266574,22.81988912868503,91000
1000.0,0.0,89.2113754271594,1.1828589373786262,-2.384737157821658,23.09378361129755,22.72259314346313,92000
839.4,321.30085589677475,75.71216283326189,31.6025366678355,-2.385164280891421,22.82522204303742,22.389320255279493,93000
911.2,139.10413365533032,80.38244076085041,12.691360174210597,-2.385583994388581,22.62662689113617,22.224028239250277,94000
922.7,231.9,81.29510092655336,21.64894613074382,-2.385503803253177,22.74517974281313,22.132091890335083,95000
1000.0,0.0,92.66332793786559,1.5214185914144567,-2.3856870250701907,22.226486675262446,21.94034321880343,96000
1000.0,0.0,85.17830386961187,2.0010433629485798,-2.385921857833863,22.2951096811295,21.85954171943671,97000
887.0,248.12134128284893,81.94871925444532,25.486969114109254,-2.386279508113859,22.045942636489848,21.691536378860384,98000
1000.0,0.0,90.57091416235554,1.2862787833072449,-2.386327494621273,22.22690707874293,21.89994082641599,99000
1000.0,0.0,88.7676957467636,1.061909516302897,-2.3863837480545063,22.244096683502217,21.691021263122593,100000
1000.0,0.0,85.89711391645113,1.1199340947719632,-2.3862334961891114,22.000206816673295,21.626744831085226,101000
696.1,345.923242931145,63.20402558766077,34.33659903672597,-2.38664058303833,22.19003400611873,21.747944242477406,102000
564.6,435.8034419322546,48.965566294769616,41.852267598125,-2.3856722106933606,22.228672640800482,21.789586929321374,103000
862.5,247.7665231624321,76.7885633234496,24.075894479208092,-2.3855418581962593,22.894168377876294,22.52044955253605,104000
550.6,396.3271880656183,48.030926475159866,37.801761279021456,-2.3865163259506224,23.99972492218022,23.613455298423727,105000
1000.0,0.0,90.52180720718175,1.4033013747230654,-2.3868772068023656,22.249859695434584,21.97597966575621,106000
973.2,80.4,88.22650291176308,7.2532892642779165,-2.3869014487266633,21.611081633567817,21.22857374095916,107000
855.5,289.321706755646,76.94414593915604,28.174744598165073,-2.388045541286467,21.3391972408294,20.941286484718365,108000
955.7,132.89999999999998,85.4245218241094,12.773696586436486,-2.3879060692787157,20.73257000541689,20.377952994346664,109000
702.9,365.69097609867265,62.52687355433696,35.22437053255605,-2.388628470420841,20.766372094154384,20.470393063545192,110000
1000.0,0.0,89.49429153753262,1.0830019458789015,-2.387978650093082,20.74553678417207,20.380011030197128,111000
1000.0,0.0,88.27392021558539,1.1505318648048763,-2.3881005287170423,20.458939938545214,20.14322057342534,112000
911.3,266.1,82.38711413686393,25.556230274654922,-2.388689755916592,20.148273880958616,19.763210446357718,113000
948.9,102.37817150154616,87.39914664082947,10.00549613105127,-2.389585491657253,19.918755665779102,19.763022377014185,114000
831.6,337.3485437941003,71.6997227677631,31.199275053027154,-2.3887833023071217,19.953247911453257,19.795327014923128,115000
879.5,189.32366465922848,78.67218110933064,19.59123351779149,-2.38944251728058,20.00146627140051,19.764221016883823,116000
491.0,336.54568783450486,37.73218930334479,33.94893974199199,-2.3887181863784783,19.783624184608403,19.55618080615998,117000
1000.0,0.0,89.52420948652338,1.0628183000695635,-2.3888852295875527,19.711117841720615,19.332605438232424,118000
1000.0,0.0,90.52985735973787,1.9438517265460575,-2.3898573861122085,19.790099411010655,19.508186055183405,119000
1000.0,0.0,85.3814063914625,2.2523301907767754,-2.388971892356869,19.53486109352109,19.12955815029141,120000
1000.0,0.0,92.28933883374154,1.8377665573767534,-2.389328804969792,19.137464673042345,18.940944085121096,121000
1000.0,0.0,87.026840147232,1.256462025949364,-2.390056457996369,19.562684735298095,19.117842426300093,122000
577.3,388.4113927268354,51.84773654681918,38.59941818100576,-2.39037987756729,19.372634358406067,19.303495162963845,123000
1000.0,0.0,90.32298032899695,1.1565580067799566,-2.390032505989076,19.65260193443293,19.155952050209024,124000
921.8,234.6,81.00094225519399,22.202719693097944,-2.390056037426,19.350813357353246,19.038127697944592,125000
626.0,374.1502372042546,53.40285458305204,36.624682722912276,-2.3902368268966696,19.546481007575977,19.088869920730588,126000
351.7,256.6410138695684,29.402724285371573,24.78075127186653,-2.3902564702033935,19.562787277221705,19.18994451427464,127000
682.3,377.40271594147276,60.06552280754922,35.89367986196323,-2.390690521240232,19.15347596740722,18.78723162746429,128000
972.5,82.5,87.033594546967,6.770780782117238,-2.39023104143143,19.026197414398194,18.730666284561135,129000
994.5,16.5,91.73815881214733,1.961560646924742,-2.390637815952308,19.159031995773365,19.003833751678464,130000
1000.0,0.0,89.58876706870014,2.6191369882573574,-2.390490880489353,19.4139648399353,19.094461585998488,131000
568.7,395.8219422922383,48.537354722917684,37.78418410674384,-2.3903035588264423,19.69710673236847,19.380410558700547,132000
952.0,97.12775092629295,87.14895499302988,8.93712062693663,-2.3909616045951827,20.526834320068286,20.031608105659473,133000
960.4,110.40579694925444,86.84403162157088,10.392225268268703,-2.3919623861312838,19.471129610061627,19.17374287414548,134000
920.3,159.55065026504906,81.90006224042756,15.6602803626501,-2.3917798767089855,19.026123291969306,18.676070840835585,135000
255.5,284.420199704592,19.509149599147452,26.52257541348126,-2.391900754928597,18.502471611976674,18.135727112770084,136000
723.2,303.89991773608625,66.28819868470418,30.475837397298584,-2.392038681507106,18.214932138443004,17.91792143630983,137000
670.7,354.7480937228557,60.37225171561032,34.9097614514572,-2.392253643512723,18.14671547698981,17.859433499336212,138000
910.3,269.09999999999997,82.03721188350698,25.68060876101782,-2.392986874580375,18.21489951419825,17.838873166084326,139000
648.6,418.3238458419505,57.743272580334946,40.12958605333161,-2.3928240847587574,17.747077045440697,17.47038286495208,140000
771.4,327.9561556062029,68.85488991945313,31.267470766056178,-2.392704995155338,17.735853887557948,17.53150667476655,141000
947.3,158.10000000000002,84.05413834266449,15.39547750402875,-2.3933517861366287,17.329326532363883,16.97191641616826,142000
1000.0,0.0,91.68379307108385,2.317160223184746,-2.392995036602023,17.383856960296608,17.13686810588838,143000
685.7,330.0648572629325,58.0412860723171,29.712229590439463,-2.3930836210250868,17.420061506271363,17.040662704467728,144000
415.1,385.4097689472855,35.07162049507887,37.79564483753992,-2.3933932938575717,17.290909871101427,17.00367558574673,145000
674.1,291.76409991635364,60.2349407849324,28.62815044911467,-2.3931264166831903,17.42267058372499,17.156670893669112,146000
378.5,375.6491048837998,31.11744480799973,35.47808624554697,-2.3931084241867016,17.214025269508397,16.923993075370788,147000
1000.0,0.0,91.05511760187376,1.0185366343782534,-2.3932825365066517,17.17379600906373,16.873926562309254,148000
772.7,348.9773774902895,69.2668863099909,32.85340014265136,-2.3933552198410086,17.10473029708856,16.81997530269617,149000
360.4,341.77483816103256,30.472577464934407,33.76864338524334,-2.392914764404292,17.311179773330686,17.08639248752598,150000
607.6,392.9127638547773,53.542697533987194,37.781333146554665,-2.3932213726043683,17.55752250003812,17.125798066139204,151000
906.8,160.9265671043784,83.4166961840487,16.730638976645686,-2.393823683261871,17.364039664268468,17.09552021980284,152000
643.2,437.157134220637,55.82674395071305,41.080760380202705,-2.39469311189651,17.368758927345258,17.164038000106814,153000
849.3,207.8456398387996,74.68626856110257,20.210268658466983,-2.39456025123596,17.12343124580385,16.850619606971733,154000
1000.0,0.0,88.86819723183308,1.917979971986276,-2.394240149021147,17.792693748474143,17.394131859779367,155000
863.2,209.2781880655507,78.31573224767597,19.92973161104727,-2.395616038322451,17.151548800468447,16.724458994865397,156000
747.7,386.6616220935303,67.14244555567302,36.99455280851199,-2.395514367103575,16.47956685829159,16.296097106933605,157000
972.6,82.19999999999999,87.99277394211573,7.534019095318639,-2.39539851140976,16.389459910392727,16.26146409702301,158000
984.4,46.8,90.13652533407539,4.171712032255044,-2.3956642565727284,16.44982303047177,16.18218596363066,159000
144.6,29.57769429823765,8.733430452410369,2.671219077207396,-2.3955322151184073,16.136878353118888,15.857310511589041,160000
821.0,226.48355348678191,74.9553576933188,21.524314425035993,-2.395531826019291,16.32246831703186,16.144631654739396,161000
560.2,414.5269110685095,40.731091138060734,39.74822210654896,-2.3961071438789374,15.897085058212271,15.68795851039888,162000
928.8,213.6,84.52189141295777,21.137607214002333,-2.3961265830993725,15.929017104148844,15.69516024589537,163000
523.6,399.2914223972261,46.02369987577728,39.49300145977666,-2.3958239216804524,15.868665137290932,15.60630035877226,164000
963.5,109.5,87.23591357284873,10.951344794681429,-2.3965287971496543,15.913062363624595,15.677978164672853,165000
746.6,339.2277111322128,66.06243055074832,31.8451653041829,-2.396120389461524,15.76055840015409,15.57773105335237,166000
728.1,414.900096408762,65.69037932840621,40.4003501241738,-2.396291088104254,15.87363040924071,15.638462806701668,167000
869.4,263.402050105917,79.30290188101742,26.304443831941583,-2.396735109806066,15.94855355739593,15.741688809394832,168000
652.4,426.2788289371171,54.851074840908524,38.26105698467018,-2.3962720103263866,15.865895926475538,15.639717570304866,169000
291.9,287.0210619449381,23.78983328688731,29.036332445916287,-2.3965612368583695,16.00868334293365,15.633412452697744,170000
829.4,263.6373266440092,74.76482952802921,25.438756036656006,-2.3970898184776415,15.965820611000028,15.777796839714048,171000
1000.0,0.0,91.62386630893045,2.144491355865304,-2.396968171596532,15.991049904823338,15.76615458679199,172000
683.5,340.3064060519578,61.31187314455284,33.45466160320856,-2.396432055950163,16.432132737159744,16.239074099540733,173000
874.0,252.63412279421004,73.81306342498307,27.605299872183416,-2.397438043594355,15.896162102699293,15.772896312713643,174000
914.4,256.79999999999995,82.07469719802721,24.58340295838305,-2.3978112864494348,15.518991571426419,15.115741866111785,175000
124.4,11.019981851164728,6.931623230259842,1.2334448374452305,-2.397131808280944,15.26213641738892,15.065576200485243,176000
1000.0,0.0,88.35476156342123,1.8220800078580943,-2.397871226310729,15.000907998085005,14.770840066909793,177000
1000.0,0.0,90.25267247743881,1.7022340426507983,-2.398057285785673,15.193558044433598,14.789127857208266,178000
781.5,355.22253588419755,69.88058085709588,33.62112122231869,-2.39818332290649,14.931487077713031,14.703889812469482,179000
601.3,399.1939503549621,51.67116543760086,37.71233380297617,-2.3985044708251957,15.11781123065947,14.97518248176573,180000
1000.0,0.0,93.48831838912791,1.3141682928097638,-2.3981538138389613,15.101849915504445,14.91817662334442,181000
971.1,86.7,89.20634159498533,9.68224913896995,-2.398292401790623,14.91870497512817,14.658138741493218,182000
588.2,417.1042555524938,52.557512803505645,40.77892860258676,-2.398178730964658,15.020674312591533,14.81087417984007,183000
653.2,388.7775199262427,56.5954925605729,36.56330265974101,-2.3981937122344967,14.944960393905658,14.72892737674714,184000
1000.0,0.0,90.26251146150301,2.786874185930267,-2.398471095561974,15.040723846435554,14.808585943222052,185000
1000.0,0.0,85.89476926049964,1.4602943381662237,-2.397773794651025,15.075985955238364,14.922707301139843,186000
1000.0,0.0,90.60671528374912,1.0097294878354437,-2.3981547145843525,15.125493162155148,14.860269909858715,187000
1000.0,0.0,89.52039579983143,1.6596073792206352,-2.3981352519989065,15.307264632225051,15.089207364082355,188000
1000.0,0.0,88.42108970004632,2.4213333325972695,-2.3979242010116604,15.821545852661119,15.659158986091608,189000
846.4,307.3721522844904,75.18810484090659,28.87858137765219,-2.398878456115723,15.334484343528759,15.117956133842464,190000
1000.0,0.0,86.98321227425812,2.132307382410271,-2.3990147743225103,14.870591141700748,14.747253871917723,191000
917.2,248.39999999999998,81.23845299039061,24.04418868364628,-2.398977407455447,14.694557507514952,14.4589243965149,192000
1000.0,0.0,86.64239118179778,2.217339857114511,-2.398960459232326,14.427019306182848,14.323229493141191,193000
868.7,247.88547758995483,79.39855546193283,23.962653623591017,-2.3996131348609926,14.41844099903105,14.346212195396394,194000
933.0,201.0,81.6274224049149,20.149166651266352,-2.3993203158378655,14.29834591579437,14.075872406959528,195000
1000.0,0.0,89.07213882783282,2.5100331737886643,-2.399831466674804,14.36845183181762,14.18186439228057,196000
829.2,342.1922851263599,75.83778927483398,33.65472259605738,-2.3995902876853883,14.154792772293067,14.082820666313186,197000
956.4,124.27646599416961,84.27541822201563,12.249874086608752,-2.399227216720583,14.283898338317886,14.05960417079926,198000
820.6,358.8,73.2855240450606,34.12372902991184,-2.3993024921417225,14.196501374244695,14.042286896705615,199000
650.8,427.7924263004197,57.78097914286183,41.29804074840151,-2.399462698459627,14.211290112495425,14.014636654853826,200000
1000.0,0.0,93.98673199004402,2.3122124156884043,-2.3990894532203653,14.231461567878686,14.119492544174188,201000
1000.0,0.0,87.92481494717033,1.917815104541822,-2.399402853488919,14.181730095863353,13.955299731254561,202000
937.0,142.32638546664495,81.32253579612073,13.919628702891595,-2.399690659999846,14.227458360672017,14.077886246681222,203000
853.2,294.5195409476254,78.04535069391721,28.1599237226822,-2.3994515571594284,14.30479579162597,14.075210013389587,204000
970.7,87.89999999999999,84.59063663706603,8.614049449927423,-2.399423095226291,14.49552897167206,14.271955929756134,205000
689.2,383.25938996976964,59.151050187047026,35.29377474233251,-2.3998284530639586,14.50889331436156,14.324069619178774,206000
567.0,433.39358555474723,50.22800669159201,41.610465774703215,-2.4002303023338296,14.78857502365113,14.642992964744602,207000
587.1,417.5398064855613,51.455262972683734,39.95143662018775,-2.400609345912929,14.477497858047483,14.29623839092255,208000
808.7,294.5158909125279,71.36767180659417,28.904040447459465,-2.400671606063845,14.39819575119019,14.156199924468991,209000
508.5,381.6606476963534,41.542008045463504,33.23543568410193,-2.400442215442656,13.990258324623108,13.818377859115586,210000
825.8,330.9531084610024,73.55319943371441,31.48272593799607,-2.4004447250366137,14.114177841186525,13.939290265083327,211000
854.7,300.5957584531092,79.49138636197665,29.818138625909857,-2.401038186073301,13.95683618640903,13.777562605857863,212000
997.4,7.8,89.81848090235033,1.2757829926661197,-2.4011331501007076,13.942435902595525,13.90905612564083,213000
201.3,266.5059286394958,14.500927604757443,25.527852547602485,-2.400368122577664,13.981136230468742,13.901173027992249,214000
735.1,404.7313800534869,66.17746070620413,39.01698094642022,-2.400476885318753,14.00842313480379,13.861378072738638,215000
1000.0,0.0,89.42014853771472,1.5969855957067058,-2.4012065839767525,13.986697950363157,13.794123107910153,216000
193.5,268.98819676707006,13.417425019750508,26.214977683570282,-2.400924062252046,13.909360385894804,13.773824539184593,217000
595.7,407.741351839619,50.570494222175846,37.61205481723093,-2.401086508274079,13.821399481773373,13.590007588386548,218000
943.3,112.19184462339497,83.89797717879148,11.27294754632238,-2.401239482879637,13.831893964767442,13.708163575172431,219000
714.5,349.8494676285788,60.698227138104386,35.55434599139959,-2.4014983053207413,13.920792604446383,13.823543829917908,220000
905.9,195.88693167232978,78.17730356748555,17.103825133672732,-2.4011790118217538,13.956103616714483,13.683131149291993,221000
839.6,213.973456297738,74.78479428064337,19.85386103405901,-2.401043095588681,13.744082933425885,13.648334667205825,222000
992.1,23.700000000000003,90.81273451837819,2.6648892096913026,-2.4011280488967888,13.978117855072032,13.721689747810359,223000
602.4,374.2064136275593,51.65685381618932,35.18447176267556,-2.40122679042816,13.691495231628418,13.66191239356996,224000
1000.0,0.0,84.74315615190157,3.076258684686739,-2.4017504677772505,13.999961535453801,13.796337333679194,225000
962.8,111.6,85.50190948083734,9.997385851832687,-2.4015961680412325,14.002574781417868,13.793459295272822,226000
656.7,421.80849920313364,58.138157624446876,40.64367071100652,-2.4014339337348907,14.111826507568345,14.020289173126228,227000
651.3,427.50416372241335,54.92382014377112,39.26944334473756,-2.4011957068443244,14.424673354148867,14.168424978256247,228000
763.9,346.3386926117265,64.29380934713404,31.121035396201847,-2.4010713644027764,14.485888258934008,14.436104964256252,229000
865.1,277.2242594002192,74.28238960297674,26.04012431944923,-2.4020908851623526,13.979864043235779,13.843862765312176,230000
955.3,134.1,83.4828361967916,13.143826795212684,-2.4016832647323625,13.87760408115389,13.728867774963375,231000
686.3,362.01631178719003,56.93373853639949,31.90314710007096,-2.4023510890007063,13.628687692642224,13.495300401687613,232000
751.0,372.145132979057,65.50937668032718,34.93398055099172,-2.4027111225128173,13.536195219039906,13.427810207366932,233000
658.7,418.251610875559,59.55405934391654,41.04791343667264,-2.401870474815373,13.557118849754358,13.3914477567673,234000
800.6,240.9602456838057,74.86040457823047,25.04144926291902,-2.402321060180666,13.577935579299941,13.36024637222291,235000
955.3,134.1,84.66892976258518,14.245812674780487,-2.402138618469231,13.442396040916424,13.315676500320444,236000
654.8,386.695952913914,56.79867509671649,36.92896317351631,-2.402539665222167,13.382135876655592,13.36786681461334,237000
1000.0,0.0,86.13988577788423,1.2894935057827528,-2.40212834882736,13.378387606620795,13.246006283760087,238000
550.7,409.09071121207336,47.507672709736745,38.60393449890924,-2.4028059034347535,13.475464191436773,13.455025973320021,239000
925.6,149.0685748238038,83.74683468130712,14.083080557213748,-2.4028077201843283,13.383203732490554,13.263625400543226,240000
665.0,403.52075535218756,58.56501065499272,38.83130885565313,-2.4030829744338993,13.356214236259431,13.266417145729099,241000
737.9,400.4608470250244,62.911006851012765,36.6842276725193,-2.402690538406367,13.383189306259135,13.24481936550138,242000
914.1,257.69999999999993,80.97788883525587,24.44241757538594,-2.4029923429489224,13.406858626365672,13.229596994400016,243000
978.6,64.2,85.71915882898014,5.462046916484991,-2.402968233108523,13.554876553535465,13.548179941177368,244000
958.5,124.5,82.26192032560927,10.660570403086506,-2.403225244998932,13.201872231483438,13.00914411163331,245000
903.3,259.98078775171064,78.79154823022616,23.985386734665173,-2.403149781703945,13.383503185272234,13.273388257026673,246000
882.1,263.62073135472485,79.83581408566619,25.412548808192597,-2.403178949356074,13.169519415855387,13.030044865608216,247000
521.5,396.56128151901066,41.90792911574828,34.71176525694718,-2.403303942680361,13.263179384231572,13.126075311660763,248000
648.4,430.7473041122834,55.01971047419963,40.04983411128147,-2.403181331157679,13.100733773231516,13.084297444343557,249000
1000.0,0.0,89.29471470324329,1.7972301948457714,-2.4035801849365237,13.111725484848023,13.014053213119514,250000
912.4,262.8,79.89388762471383,24.750744207353232,-2.4033701047897367,13.126464011192297,13.016928994178778,251000
706.4,343.81686985952274,62.595277911750635,32.5989439526233,-2.403052241802219,13.17838594913481,12.940071131706269,252000
389.1,400.4583498942181,31.42894263856148,36.7787808646822,-2.403516466140745,12.984674006462102,12.919908990860005,253000
955.5,133.5,84.42156059789657,12.442715731441258,-2.4038597288131727,12.875878829002355,12.797613026618935,254000
912.1,263.70000000000005,80.07518525730295,24.788173659000126,-2.403698901176454,12.790927355766291,12.720343700408929,255000
835.0,330.5090013902798,74.55997804355115,31.66539475621213,-2.4035678434371963,12.94507055377961,12.744192457199086,256000
745.3,390.1097409704095,65.65397624983355,36.69976763942508,-2.403838011264796,12.967057065963736,12.882772644042927,257000
726.0,334.21250724651225,64.8634218889729,32.266606889431024,-2.4035271835327157,12.887768984794635,12.729329477787015,258000
1000.0,0.0,89.1326047349018,1.9377141206023476,-2.4038983159065217,12.721772541046153,12.707295243263244,259000
575.5,424.73715401410317,49.08349817660123,39.30837860333613,-2.4035996379852316,12.972058047294604,12.791231414794913,260000
802.3,318.95424436743275,70.75622706229258,30.40896146905582,-2.4033886408805865,12.769636920928956,12.637147037506109,261000
858.6,274.6922641793904,79.6017252499152,27.144709707944276,-2.404190961837764,12.789704882621761,12.688068123817445,262000
708.1,355.216398833162,64.64731783438955,34.73055601394735,-2.4043848080635115,12.778786253929155,12.64769968223569,263000
824.9,350.3576601132049,72.75784667235553,32.74260643299226,-2.4043652672767646,12.724582715988133,12.638764155387872,264000
782.6,196.1051758623418,72.30413842234466,18.67807102628016,-2.404182492256164,12.732629638671908,12.630414315223693,265000
653.1,395.01125300426565,57.5953592960803,38.03598122726683,-2.404049324512482,12.789430771827684,12.678496192932124,266000
893.7,256.90467103577544,83.27558341297808,25.373905119511402,-2.4043112459182807,12.777778113365187,12.604230062484746,267000
927.6,217.20000000000002,80.65477792312,20.154765749871327,-2.4041622514724734,12.954377854347216,12.823402137756343,268000
842.5,248.20727225446075,73.22644965393195,23.301758293271998,-2.404225390434266,12.75562184429168,12.604000089645385,269000
925.4,223.8,84.30472653821722,21.982053285355327,-2.4047770419120758,12.703975573539743,12.613287415504463,270000
962.3,80.72923881717206,87.2076352527731,7.8136967443993814,-2.4043513288497955,12.66656517553329,12.496192283630362,271000
522.6,345.6672388294847,42.80216823670869,31.447688071954115,-2.4042072901725717,12.632089302062997,12.502840868949882,272000
907.6,240.7406072934103,80.10126774576902,22.05643853408269,-2.404253190994267,12.552818175315867,12.458198872566209,273000
529.0,401.6667773167206,46.1016743008898,39.12298490988232,-2.404500005722047,12.622748878478994,12.472224726676945,274000
772.1,291.7702692187811,71.28410809637276,28.715735909093166,-2.4044825649261425,12.604122232437119,12.558615460395815,275000
295.5,352.7231917523995,23.60963489605559,34.882430772148446,-2.405121891975403,12.378698969841016,12.264742944717435,276000
739.1,398.5396968935466,63.73903664974768,36.95428412740304,-2.4044816131591835,12.335915186881993,12.156133113861097,277000
749.1,383.9631362513855,64.22852477293121,34.99307661190349,-2.404828265190122,12.567846492767325,12.55623326492309,278000
841.5,317.0007097783852,74.10764218953946,29.745488963288185,-2.4043658351898194,12.335304638862606,12.198173530578648,279000
846.9,306.2098790045808,73.1473855683192,28.37001413875267,-2.4047744131088216,12.354600317955025,12.271436370849623,280000
657.4,384.1174820286106,56.26142469348133,35.308484312182316,-2.4048961095809966,12.474822765350323,12.320044592857355,281000
828.9,342.77819358879873,71.85908640611176,31.616548097367236,-2.4046850490570035,12.377766782760625,12.30903426647187,282000
674.8,319.6168956735548,59.97561820523739,30.811425070874755,-2.405052705287927,12.495672745704647,12.38064466571808,283000
645.2,411.6454299515543,56.53227482376961,38.740001831100116,-2.4056318893432618,12.462249614715592,12.3786712036133,284000
604.2,346.3073201651966,52.88554023305073,32.76521936465882,-2.405630409717562,12.466723787307728,12.34093227100375,285000
1000.0,0.0,90.57571963719748,2.315194169139047,-2.405637800216674,12.563626445770314,12.415742268562337,286000
837.6,215.0093951435611,75.75665049853924,19.828705553848422,-2.405592942714684,12.470444664955128,12.290083998680107,287000
306.3,348.33318819773694,24.102815197898668,33.13094629778435,-2.405501237392429,12.229940414428723,12.105926865577688,288000
629.9,403.1045645983186,53.6991316185797,37.525258012457606,-2.4054882669448827,12.284154663085948,12.116460308074974,289000
919.0,243.0,80.85583449456098,23.16776795044949,-2.406098903656003,12.148662390708925,12.109423488616947,290000
599.6,371.61894461935066,53.90453815133495,36.302654776812474,-2.405821363925943,12.046455752372756,11.99180149078372,291000
913.3,260.1,81.72933506476687,24.529078035246133,-2.4054919018745444,12.164189075469992,12.001880685806249,292000
876.8,276.1904415435118,76.84384952322412,25.615076839074767,-2.4059886379241973,12.03874364185335,11.934216573238388,293000
796.5,262.82551246026327,69.29385082903345,22.73049717981534,-2.4060498147010763,11.969628772735598,11.853042812347422,294000
826.5,347.045025897217,71.2962099380934,31.8671269928275,-2.4056798686981193,12.095438209533684,12.060946660041807,295000
320.7,342.42080836304325,24.223999796017385,30.256368356155793,-2.405754461765287,12.137092456817612,12.025706972122192,296000
479.7,424.91529744173715,40.39035116237027,39.42062496283038,-2.405733111858373,12.007862497329713,11.914974362373354,297000
626.6,419.6701561941235,54.494281491432474,40.62930340561319,-2.405589125633236,11.971822585105883,11.833924855709059,298000
880.0,273.2266458455324,79.73085244047863,26.6432286173951,-2.405959180831905,12.216089838027953,12.043949597358731,299000
559.2,422.42651431935474,49.015279228816524,40.29941993389857,-2.405959161281586,12.179759465217602,12.065171878814708,300000
447.1,347.82192282833466,36.317124948854506,31.46893176491074,-2.4059856853485058,12.114236328125005,12.041707937240604,301000
1000.0,0.0,88.57312025747142,2.2315883953835844,-2.4060796265602105,12.084450449466676,11.915136939525606,302000
1000.0,0.0,90.41548522741488,3.12640252546478,-2.4064264311790455,12.271120733261126,12.184092352867127,303000
211.2,263.8097041429674,15.777186911583808,25.58892208857923,-2.4060477981567345,12.209448987960844,12.087224446296672,304000
744.1,325.1115039490298,66.72084090378847,31.1174263306499,-2.406792244911198,11.981139335632312,11.853219944953937,305000
830.5,339.05375679971456,74.6799388221315,32.80276599431242,-2.4065856957435603,11.909985024452203,11.776760589599599,306000
685.9,391.35928505658325,61.536824465678755,37.93370302099522,-2.4064425449371356,11.917786028862007,11.79787922859193,307000
1000.0,0.0,89.68062103054014,2.5556588890330447,-2.406332294464106,11.77034823608399,11.711890426635724,308000
474.5,430.3366705266935,39.935673579636386,40.169285008105085,-2.406592835903168,11.81343892765047,11.792866829872144,309000
953.2,127.01873877503272,87.81454538763934,12.641353428274952,-2.4062917294502255,11.774544440269437,11.666425548553452,310000
1000.0,0.0,87.79872258813192,1.0620285543570664,-2.40685000610352,11.859145627498615,11.61705350685118,311000
914.6,256.2,82.52585875670432,24.452017712364714,-2.407161944866176,11.830508396148653,11.704561091423052,312000
917.7,246.9,80.79185783287116,22.76360246187491,-2.4063652534484863,11.838279102325432,11.76061149215697,313000
576.5,357.7343287972235,49.227782765736244,33.07427796065717,-2.406512913703918,11.804627811431873,11.64993440628052,314000
504.5,407.26533120313593,42.54982915003164,37.62821267377433,-2.406794389247892,11.814175459861747,11.680822829246551,315000
534.2,409.05349283437243,45.41027041313682,37.58510082895988,-2.4068034024238623,11.960404894828814,11.908597765922558,316000
696.0,397.7393618941932,62.024638087206995,38.030838637268886,-2.407108438014989,11.913036132812481,11.79795150375367,317000
843.1,236.46371814720328,75.89546142431544,22.81513248726157,-2.407030103206632,11.87928911685943,11.682199999809276,318000
480.8,380.81092421305357,42.730447517175804,37.94502350268173,-2.407440416336061,11.759644871711737,11.663434825897228,319000
403.3,391.80608724214585,33.29208435089156,37.51270279262803,-2.4069795808792063,11.658854745864858,11.575272241592423,320000
292.9,331.40864502906373,22.781787141854178,30.257838805053726,-2.4072705841064477,11.7080393819809,11.555427295684812,321000
814.2,300.69146978256634,70.5661964929592,27.958544759983205,-2.4073800849914555,11.491097558975207,11.472587349891683,322000
795.0,350.8122004719904,67.00651729293222,31.672088783731045,-2.4072380299568144,11.684758751869206,11.513569394111615,323000
976.5,57.87097718200376,90.09431241113622,5.677454265833947,-2.406983679294594,11.694729573249836,11.617431373596188,324000
1000.0,0.0,95.42127617717355,2.3021677375225016,-2.4070653901100116,11.760729103088362,11.671774960517904,325000
1000.0,0.0,91.47963916625385,2.3700352137244076,-2.4071094598770144,11.883495079994203,11.70374542713164,326000
737.6,387.43520748636155,62.379891022247804,35.54576615143388,-2.4066386175155627,11.71736042404177,11.572475601196269,327000
642.1,438.35247233248265,54.77810452277351,40.36039085956828,-2.407495892047875,11.694278511524208,11.622813135623938,328000
1000.0,0.0,89.13956067193118,1.6440583080535638,-2.4072467598915113,11.52251361846921,11.454032151699046,329000
639.8,436.7108425491632,54.834841113039104,40.68228342395693,-2.407305181980135,11.640936167240135,11.594349661827088,330000
895.1,248.6461139853185,76.83439562756132,22.42460148468848,-2.4079174895286557,11.542309847831733,11.4736349248886,331000
897.1,158.573295355807,80.75365949548632,14.774862847026512,-2.407379307746891,11.573994004249558,11.410959806442282,332000
678.2,394.9948860428449,58.4829904290048,36.888984179464806,-2.4074833903312642,11.56451737499237,11.414696189880377,333000
833.4,199.22710658943979,72.27168564940187,17.716174105569475,-2.4074834966659546,11.461899943351758,11.359796656608593,334000
739.0,398.73625368155325,63.32681401751269,37.17344599323389,-2.40749034881592,11.530250842094437,11.442407876968367,335000
365.8,380.1583354340662,29.779198970410224,35.94809863023392,-2.4078785204887363,11.520739660739912,11.398121029853831,336000
662.8,413.29645534410287,58.19256991404066,38.992448502105006,-2.407795706272126,11.659702682018288,11.507533600807214,337000
489.6,421.6335375655025,39.34510816605499,38.177078844586326,-2.407885554790501,11.499068876266513,11.387053452491768,338000
375.0,409.176490038223,30.28709264827872,38.03828816218454,-2.408425895214086,11.466865215301526,11.410872874736802,339000
463.5,438.1096323981019,39.265310581737104,41.62877756332096,-2.407805796146396,11.490129176139828,11.391392735958112,340000
1000.0,0.0,87.45148130476407,1.7839861793429723,-2.4074857196807855,11.240266230583197,11.127635588645939,341000
925.9,168.14306408531993,82.31593345579913,15.447934121912482,-2.4081005988121094,11.485464385509474,11.367615633487688,342000
968.9,93.30000000000001,85.63659193651745,8.855021622089861,-2.407794808387755,11.483840741157547,11.352953293323534,343000
790.7,310.13063376583744,71.36406108514191,30.25760370537715,-2.4083453121185294,11.459216745376585,11.39777094984052,344000
959.7,120.9,84.4626590436091,11.79749599975486,-2.4081389384269722,11.436032180786135,11.353677777290356,345000
894.7,252.50506925604483,79.63419091459535,23.663566207737873,-2.4075860562324483,11.45158643436433,11.394094884395582,346000
379.9,386.71810146410263,30.593411130772708,36.73936980919586,-2.4078628578186043,11.3062828722,11.185553654193898,347000
737.8,364.6507370073452,64.92585812808241,34.80541596879514,-2.407819270133976,11.349722270488739,11.226486110687246,348000
494.8,400.91365653965937,42.433057797519076,37.93193218118623,-2.408127783775331,11.448400566101046,11.286677514553075,349000
556.4,443.6679388912388,49.2709836737496,43.68372558524819,-2.4078861374854976,11.477675798416149,11.345192663669588,350000
198.1,267.4948410717485,14.204841259252635,26.051131633797763,-2.4083538064956707,11.284297276496867,11.23852831363679,351000
911.5,265.5,79.94838738351854,24.813306617628005,-2.407625977516173,11.318766285419446,11.193008259773288,352000
909.8,180.40000000000003,79.8546246898992,17.91048853779751,-2.4081204214096084,11.39525899934769,11.252047465801274,353000
916.8,249.6,82.20426115629171,24.127758129770626,-2.408230618476868,11.523674620628345,11.23362024974824,354000
915.4,182.67961024701142,82.17818646520475,17.406982904211667,-2.408291532993319,11.36736103296283,11.394605001449596,355000
425.2,407.0434374854851,36.56031514929031,39.715230812271834,-2.4081344246864327,11.411063393116015,11.296348915100078,356000
484.3,353.5791424843949,40.99270822162447,33.76971248609033,-2.4083044681549026,11.240349560260762,11.090746972560886,357000
696.0,405.1027030272694,63.04704445947977,39.00594644272125,-2.408385349750521,11.252092999458338,11.184024480819705,358000
642.5,380.3606840881428,57.59106414578283,37.258417489300186,-2.4083642439842223,11.185689134120926,11.091585760593407,359000
845.1,239.77966969699494,77.61410951134133,23.623630557705557,-2.4083317503929154,11.233719370841959,11.235619225502017,360000
590.7,422.69777619476537,51.56414591289332,40.105794947165585,-2.4084946026802045,11.1868599715233,11.149401040077201,361000
763.6,363.7615152816471,67.4328567056687,34.84201581047705,-2.4084786219596808,11.22536855983737,11.127630196094495,362000
920.5,228.6749877008852,83.03096609425138,21.755800226075365,-2.4084143471717843,11.168157624244715,11.137505037307772,363000
923.6,178.42376523322224,82.23667443442784,17.13293385710895,-2.408533798217777,11.172529037475597,11.030960559844946,364000
475.7,428.84940247131044,40.9703720182452,41.440688937208726,-2.408452340602879,11.360575949668876,11.238140627384205,365000
934.8,144.65185792100976,83.17622509904174,14.456897342527897,-2.408805863857266,11.126092284202551,11.057697342395771,366000
742.5,393.464928551453,64.28166576917464,36.98529176833744,-2.4088959813118,11.170361615657818,11.14678041458131,367000
682.3,389.38850779138306,59.097745276619776,36.278943476448475,-2.40880989742279,10.980600506305699,10.883787500381464,368000
567.0,433.2239605562001,48.9467338352095,40.67933428780553,-2.4083009777069053,11.169726718902593,11.03944580841064,369000
793.4,328.3885503485163,69.30112996471863,30.740087385413773,-2.408660398960121,11.154995539188388,11.109496208190919,370000
675.5,401.2608253991411,58.29987037520986,38.17709812415978,-2.4081882953643823,11.12200904893872,10.989629195213297,371000
978.7,63.89999999999999,90.25492674834612,7.497424779245683,-2.409358885288241,11.224084329605098,11.128493979930873,372000
459.3,441.56722025077903,38.77443846467228,41.70999290389592,-2.4088082642555246,11.18859564399716,11.143631653308864,373000
864.6,211.47302428442262,75.2189742085292,19.517750515263575,-2.4089567885398875,11.150422326087957,11.092156790256507,374000
748.4,385.38453523720955,64.63686413565614,36.54834243755181,-2.4085701675415043,11.173565930843345,11.060386341095002,375000
1000.0,0.0,88.92046272021842,1.518854059756241,-2.409489620685578,10.93853025770188,10.87396412086487,376000
542.7,418.6358919156359,47.284686042488936,41.13841681989862,-2.4087600760459966,11.199739351749416,11.119116074085225,377000
814.8,311.96403638881196,70.53843147334588,29.726872626166273,-2.4088757672309846,10.922538364887233,10.873552756309513,378000
624.6,365.43075951539714,54.837185819092106,35.26091960948071,-2.4091540865898198,11.003078035831463,10.912278489589674,379000
887.4,250.38737987366696,79.83784519245987,24.572755479311244,-2.4090269455909707,10.953497993469256,10.862860601425172,380000
644.7,369.0097695183693,54.58784520131038,34.08823332288877,-2.4090254750251785,11.048906635284405,10.972461628913885,381000
566.0,411.9735428398285,47.278305536934454,38.021107337078355,-2.4093215093612668,11.022648789882648,10.973947628021255,382000
930.9,207.3,81.3800943298282,19.317786128558797,-2.409099554061889,10.987158377647411,10.921733723163602,383000
928.3,215.10000000000002,84.37252830141911,20.59224989239562,-2.4092082624435416,10.988282878875761,10.919225172042848,384000
478.0,427.97196169842715,40.515854228583926,40.62212115994689,-2.409355407714851,10.989808474063866,10.879728555202533,385000
854.8,263.5438483440659,75.6854614360886,24.246908104594066,-2.408982000827785,10.92903894758226,10.829988655090308,386000
895.9,121.44500813125255,81.48125324630284,10.935581268716078,-2.409330389022824,10.931349768161775,10.920410337924945,387000
793.2,344.8439647144778,71.36310513510146,33.21558012278329,-2.4096715273857128,11.145073489189137,11.019304725646988,388000
930.0,210.0,82.24525554206046,19.24813143846458,-2.4096517610549935,11.009919866561878,10.989315276622783,389000
838.5,323.0037925473941,73.29911163059518,30.351525473572888,-2.409105506896971,10.971282404422759,10.813983895778673,390000
451.4,389.6876184843444,38.85385238159936,37.61744848334673,-2.409630780220034,10.905476068973519,10.82212168455124,391000
911.9,264.29999999999995,80.0175575796493,24.799898293864057,-2.4094936251640338,10.933897181034085,10.8130648403168,392000
966.9,99.3,85.58750218914787,9.331723841515977,-2.409789018154137,10.967910888671874,10.870501893043524,393000
763.6,360.24996877168496,67.9046967023568,35.00238364490367,-2.409239877700809,10.971896539688121,10.87947443056108,394000
624.6,367.8644315505374,56.446405442802885,37.79120879624106,-2.409408714294428,10.996622134208698,10.859529301166532,395000
666.6,408.92815994988655,57.44989205392833,38.06321375622498,-2.4094042339324964,10.870252335548408,10.75544821929936,396000
911.4,265.79999999999995,80.80590612950161,25.029810047064238,-2.409800386905672,10.913162852764078,10.83382692718506,397000
482.2,424.55948935337665,40.82830546499388,40.75895102247911,-2.4097803125381496,10.933789136409766,10.832895198822014,398000
921.3,236.10000000000002,81.8123070984133,22.160476868783952,-2.4095394515991244,10.85086488580703,10.713504619121522,399000
1000.0,0.0,90.83488741404442,0.6000198998689055,-2.409764126300814,10.897952473163597,10.70655004692076,400000
