alpha,eval/episode_length,eval/episode_length_std,eval/normalized_episode_reward,eval/normalized_episode_reward_std,loss/actor,loss/alpha,loss/critic1,loss/critic2,timestep
0.9574315552115434,78.6,7.2,4.7989341633539535,0.9996570226541157,-6.159412132143981,-0.1292529769707468,5.259045371890066,4.916182725906374,1000
0.8785217380523679,89.8,0.7483314773547882,5.62053405567877,0.6689363043250425,-12.781559396743791,-0.3145352038890118,6.742362356662755,6.445969548702246,2000
0.806480459690094,100.9,1.1357816691600546,6.732425034627765,0.7158331078223531,-19.600822063446067,-0.4532717195451267,5.291901741981498,5.2099890322685205,3000
0.7394983115196218,172.9,0.7000000000000001,11.98395555803087,0.6881988043814893,-26.67566309928893,-0.5664375254511819,3.0994208574295032,3.1125182042121895,4000
0.6776086767315854,89.9,0.30000000000000004,5.699564717910971,0.642554410579967,-33.9505423774719,-0.6517267055511488,2.2951812329292305,2.412908198833466,5000
0.6209139302372937,91.8,0.8717797887081347,6.225894135286122,0.7178658991988779,-41.521331325530916,-0.7130506853461251,1.0835769925117504,1.1753687572479266,6000
0.5688262889981278,170.8,1.1661903789690602,10.64090290243505,0.6605547107557402,-49.02833162307743,-0.7593120119273666,1.1520470571517964,1.3869478697776805,7000
0.5213702260851869,150.0,1.4142135623730951,10.43610870592481,0.7279079258691354,-56.65576842880252,-0.7760232618451122,0.8889373183250435,1.1775196728706385,8000
0.47837174749374417,129.4,0.4898979485566356,8.60209262413564,0.667058073564552,-63.853508224487335,-0.7715195974111554,0.6770587587356548,1.0365680818557714,9000
0.44008663854003,165.8,12.959938271457933,12.168141655909604,1.7519374559901713,-71.01969325256346,-0.7260478088408707,0.34740932464599644,0.7587647123336784,10000
0.4055515918135642,346.9,172.69826287487666,29.547967467557186,18.829313423093193,-78.15581333160394,-0.6883051461353916,-0.14574380540847787,0.2202265610694882,11000
0.3742301845848556,177.6,0.66332495807108,12.013228334017418,0.6706951087614519,-85.07839653015138,-0.6217408961951741,-0.649856121540068,-0.12434751605987573,12000
0.3465797407329079,149.5,2.0615528128088303,11.050681670393171,0.9293922384702749,-92.18249551391598,-0.5308866949984806,-1.3943054122924818,-0.9850195441246049,13000
0.322561123877765,731.2,179.48359256489158,69.26686248617261,20.144433021864604,-99.05407868957505,-0.43041668055020244,-1.8821343612670929,-1.4669640917778022,14000
0.3017759901881211,149.2,0.8717797887081347,10.91360671074025,0.7060081695460675,-105.732775222778,-0.3739206563234335,-2.270841324329375,-1.9085271244049091,15000
0.2840341905653484,510.7,32.28327740487325,50.376677369221056,4.301472182702603,-112.13641882324215,-0.2681966349948204,-2.6165663561821018,-2.363248552322381,16000
0.26931110075116127,140.0,4.9396356140913875,9.939000589957306,0.9411647829724488,-118.51164814758307,-0.20199974129535284,-3.1546239748001152,-2.93165519046784,17000
0.25886596918106025,222.1,1.0440306508910548,16.657070724690954,0.6835170549127173,-124.50523892211922,-0.09737640054523936,-3.3460880212783835,-3.1458696460723874,18000
0.2528952303677789,146.8,0.4,10.808774010074828,0.6918220971723257,-130.24444107818587,-0.07253140923008328,-3.64618612098694,-3.4381477198600776,19000
0.2483267400562761,541.2,43.757970702490304,53.53313176678684,5.6695786158090735,-135.7965467529297,-0.01997845051717017,-3.6497248005867022,-3.5717706794738815,20000
0.24838175331056125,148.3,2.0024984394500787,10.654948409380985,0.7476753578246538,-141.382572174072,0.004157299409620437,-3.809781134605408,-3.7009770679473823,21000
0.24868461208045486,471.2,59.64193155825857,44.94290086550888,7.993060160766522,-146.42193887329125,0.01062896123901009,-3.3965698914527938,-3.2738149576187143,22000
0.2479814068675041,281.7,27.014995835646545,24.0995776829661,3.2977987721726514,-151.51672619628954,-0.014553980667144075,-3.500123528480519,-3.443360317707067,23000
0.24874907021224468,615.3,127.8671576285326,60.680018421221085,14.065923864412872,-156.19159715271016,0.02720584064722059,-3.1987821850776728,-3.1413873906135596,24000
0.2502993695288889,561.4,50.50584124633506,55.30986081502931,5.966118198568687,-160.74783598327693,0.0009818555573001498,-3.4975824413299543,-3.484138583183291,25000
0.2501439194083207,438.5,32.81234523773027,43.86321906970738,4.543017506304279,-164.78845034790055,-0.011750023313798017,-3.5823044219017075,-3.518220170974732,26000
0.2491790444254877,165.5,26.522631845275086,12.025065038974404,2.8116517085584536,-168.96091836547842,0.007945286637172099,-3.681480316638944,-3.5872408032417296,27000
0.25176328101754175,305.1,184.3428599105482,28.05577837641841,20.765369871034643,-172.79226058959946,0.024175512272864554,-3.8696492686271693,-3.7911006994247427,28000
0.2534517892003059,466.1,78.54992043280502,45.67294247854731,9.400009040503273,-176.36123356628377,0.017727651677094388,-3.8787247233390842,-3.842768402099614,29000
0.25384971195459377,563.3,33.683972449816544,56.1564774176494,4.428047097099105,-180.00435708618173,-0.009000798325985656,-3.9493783774375895,-3.8783772096633866,30000
0.25406428512930895,334.4,27.27709661969177,28.65148303742055,3.5264964189988084,-183.18426962280293,0.011061067643575371,-4.064635062694555,-4.104799603939045,31000
0.2532058885395524,411.9,76.05977912142527,36.81533252522546,9.047550844725118,-186.33620652770963,-0.011015618240460724,-4.32781115579605,-4.226712007999416,32000
0.25318034577369763,149.4,0.8,10.890770308493575,0.7016017890032129,-189.12953881835955,0.002851118750870211,-4.372224227428437,-4.312817963123316,33000
0.25303477346897146,572.8,52.961873078659146,57.645996175047706,6.007041549482541,-192.08371916198732,0.0016044070534408025,-4.545709663867942,-4.471389206886307,34000
0.2525786438882352,239.2,44.82142344906061,19.881563200571463,4.972809528242924,-194.81355175781258,-0.024519224623218195,-4.6585968298911995,-4.579625452995298,35000
0.25167408493161236,633.0,100.81765718365013,64.33779936561633,11.229117916928544,-197.38779840087867,0.009016553232446337,-4.8072437505722165,-4.692568442821505,36000
0.2531229075789448,538.2,148.7446133478453,54.77845302314389,16.568246702248956,-199.72628056335444,0.010659286618232703,-4.961298152446742,-4.872747517108925,37000
0.2529787977039811,238.7,2.1,19.11014568421646,0.860589185523763,-202.12790217590316,0.0003467367719858762,-5.028051730155944,-4.942443756103529,38000
0.25315749835968016,570.3,47.231451385702734,57.67764586436266,5.848089856540669,-204.29984507751468,0.011132904618047165,-5.009519511222842,-4.95142841815948,39000
0.2547318834364414,488.9,94.00898893191011,48.690766861758775,10.498747703862083,-206.41713562011708,0.004539551805704814,-5.249906177997601,-5.180169379234322,40000
0.2553062735795968,470.9,88.71803649765926,47.16232753895338,10.091426685861435,-208.37662890624983,-0.001012666501104833,-5.245463600635527,-5.190874683380134,41000
0.25477076786756553,564.0,34.50507209092599,56.910084787872016,4.173323274986005,-210.17096109008793,0.008930204426869757,-5.438851803779602,-5.390256578922272,42000
0.2553945271372792,353.4,70.19145247108084,32.69825114658557,9.101677948949712,-212.03200868225147,-0.003221915552392606,-5.623323816776287,-5.584529354095448,43000
0.2553876084089278,147.6,0.8,10.579912333716655,0.6908183933493618,-213.66391708374042,-0.002821250283159317,-5.496582668304453,-5.508825759887697,44000
0.25518523585796354,266.4,4.24735211631906,22.49919450778109,0.9265842120447401,-215.33045472717288,-0.0047265094611793745,-5.757868638515468,-5.751617915630347,45000
0.25452096173167216,439.8,46.67290434502657,43.74862517884438,5.757000235814267,-216.89632804870604,0.0053943542782217265,-5.876049719333641,-5.825029379367816,46000
0.25525073081254934,490.1,127.57856403016926,47.467468566300184,15.054421829658446,-218.18202848815883,0.001330361590720709,-5.882587635040277,-5.873046229362484,47000
0.2552306556999685,551.4,23.62287027437606,54.53052189876843,3.2528799858609494,-219.791187042236,-0.006008666357025514,-5.9770066905021695,-5.9562958970069655,48000
0.25478889092803,280.2,67.69460835251209,24.606293693461396,8.54769223966596,-220.95211988830565,-0.0056779659427702335,-6.039292596340184,-5.945959826946255,49000
0.2539508198201654,298.1,63.4955903980741,26.78881511697145,8.044197966037615,-222.39809919738786,0.007100477949716153,-6.058393913745891,-6.039571500301366,50000
0.2540807371735574,163.5,35.83922432196322,12.55827772706583,4.1336286814123335,-223.3781619110104,-0.011397693222388615,-6.060074778556823,-6.01067473697663,51000
0.25295716121792816,580.9,74.442528167708,57.964188367396176,8.595973037320833,-224.64158093261707,-0.005928163405507797,-6.141414207458494,-6.084994755268093,52000
0.2523276324570173,483.5,57.91761390112683,48.620473228999586,6.826842328147801,-225.79407522582989,0.005675479961559166,-6.212840464591979,-6.177798038005824,53000
0.2535745931565765,259.8,6.128621378417825,21.588925189393805,1.2442635173312158,-226.7537210998534,0.00946242445334791,-6.235632253170012,-6.136527114391336,54000
0.25448470267653533,535.4,137.32530720883167,52.9275210476948,16.031465000275634,-227.8819895477292,-0.0028543279729783596,-6.259294398784625,-6.1724910640716475,55000
0.25357538804411894,448.0,47.958315233127195,44.97329739881978,6.278512621918039,-228.69868913269013,-0.004084463017992667,-6.259774810791004,-6.201464516639704,56000
0.25443876284360917,698.7,155.3390163481152,70.22735110542608,16.55658442630926,-229.6009620666508,0.007213822008110579,-6.2828185205459715,-6.221208060264589,57000
0.2540709488987925,585.6,34.24967153127166,58.79734051181118,4.280898502542045,-230.6012546691892,-0.0006304603517055516,-6.2995024433136075,-6.2453857512474045,58000
0.25470347577333496,745.8,152.32058298207764,74.46143125410151,16.28059787708335,-231.26295414733858,0.0027985671591013906,-6.346077479362492,-6.282018560409538,59000
0.25402191421389575,318.4,85.9874409434308,28.27043027267421,10.195390515893083,-232.04906237792974,-0.014392498211003885,-6.4025877180099435,-6.333208456516269,60000
0.25331176000833516,252.2,11.872657663724665,21.0035072480061,1.907351662094933,-232.77503370666474,0.0023430760316550643,-6.466547888278962,-6.436087505817407,61000
0.2536757372915742,170.9,33.57811787459208,13.132873943565734,3.7338271632926268,-233.42664147949205,0.004297721471637482,-6.4264889292717085,-6.342186518669129,62000
0.25385418823361405,342.6,112.04302744927952,31.344912872562126,13.347274491558666,-234.07402667236323,0.003253918912261709,-6.42236078453064,-6.356094722747811,63000
0.25463475668430263,563.2,120.22462310192535,56.973247138809135,13.049206629571831,-234.79993826293918,0.0021275676824152384,-6.456737135410319,-6.334212289810181,64000
0.254924648791552,378.3,62.9826166493581,35.212624689084286,7.887199536312097,-235.356014251709,0.003569345573429013,-6.449910184383393,-6.396680094242098,65000
0.255258787423372,643.9,109.82299394935471,64.5700867892635,12.108962751818119,-235.9788946228026,-0.0009834373481571667,-6.431805701732645,-6.330293075084678,66000
0.2551506703197954,269.6,40.88814008976197,22.353291175882507,4.792807162924829,-236.6487336578369,-0.0012676700064912397,-6.5458285932540905,-6.49731606292725,67000
0.2549902099072941,602.7,90.63889893417726,60.73849207152164,10.184535377256646,-237.1257577362059,-0.0004201132385060235,-6.43709745121001,-6.3227188243865875,68000
0.25505730354785966,570.1,124.50819250153783,57.80023073666442,13.906082444175146,-237.46724038696274,0.0020769997369498054,-6.513876122951516,-6.471664930820464,69000
0.2549836648702619,543.5,23.567986761707076,54.324811436124484,3.326750117056121,-238.09058494567887,0.003772108852863307,-6.550011674880969,-6.4670568404197715,70000
0.2551895888149737,380.4,122.86350149657952,35.67284497471917,14.663423898653944,-238.54353598022453,-0.0023576000984758174,-6.467451304435729,-6.388144181251519,71000
0.254926060885191,767.3,170.89824457846254,77.41756840924151,17.575420771699367,-239.02370414733895,0.0010142628327012022,-6.524604490756991,-6.438551215648647,72000
0.25535266670584705,565.4,60.46023486557094,57.22131863797786,6.776262949716962,-239.45755683898938,-0.002540211790241303,-6.574775291442872,-6.482663354396827,73000
0.2549272429943084,652.6,87.39931349844802,65.43426050647903,9.648914252265186,-239.8974004058836,0.0018039666870608882,-6.523176389217383,-6.448850201129907,74000
0.25522694018483205,270.5,52.735661558380016,21.843769434723498,5.873707208991348,-240.17224380493172,0.009694812072440986,-6.60421808576584,-6.5175095634460325,75000
0.2556582483351237,371.2,60.489337903468574,34.22325540208078,7.246088127413258,-240.67234306335428,-0.009778210973367115,-6.611876136779783,-6.558731731891619,76000
0.2548160676360131,307.4,75.50920473690609,27.159426106592292,9.201338707310901,-240.80913212585463,0.0024599822163581804,-6.602887322902683,-6.5581228160858185,77000
0.25580424058437307,243.9,8.466994744299775,20.177019988452173,1.5364477850465306,-241.27375559997535,0.003426413405686612,-6.679202037811283,-6.598998364925384,78000
0.2550389853119851,569.2,121.78407120801964,56.98309749389794,13.025907341994994,-241.52229949951183,-0.0015977067919448124,-6.627454420566561,-6.590277772903431,79000
0.25625989443063785,732.6,145.05185279754272,74.12354949044496,15.311093534794573,-241.8128232269288,0.008753870490007089,-6.581041532039648,-6.495735675334933,80000
0.25568822908401423,265.7,45.02676981529987,22.383559627421114,5.35826627040063,-242.2324667358401,-0.007699183507822451,-6.665318970203404,-6.577356120586389,81000
0.2554190281629554,581.3,61.309134719061234,58.23103595529386,6.84490126133669,-242.5694327850343,-0.0011375047145411488,-6.67210198307036,-6.580713478088379,82000
0.2546568488478668,665.1,135.97753490926357,66.96064230071845,14.69579408907949,-242.67806890869116,-0.014884517408907404,-6.610684392929067,-6.546984714508046,83000
0.2536982392966745,669.6,151.01933651026283,67.94192271613674,16.29776873998258,-242.9936817474365,0.004159820326603945,-6.666364299774162,-6.598890453815469,84000
0.2545621248185638,610.5,125.349311924717,61.74265726057931,13.817300871875137,-243.37200613403323,0.002526551131159047,-6.670156509876262,-6.606599053859715,85000
0.2543649582266806,623.1,103.10911695868606,62.86950262810459,11.241643076656667,-243.4637604827884,0.008348720852285626,-6.70613164758683,-6.651239058971416,86000
0.25554142969846727,334.7,43.053571280440835,29.22278894764948,5.014336174162017,-243.72238911437998,-0.005083377375267452,-6.5980509247779775,-6.52674714946746,87000
0.25496471348404814,464.3,115.04003650903455,45.14583760984493,13.90905284167861,-244.11696855163567,0.00169504815246909,-6.714425435543072,-6.675438273906706,88000
0.25548145279288326,508.6,199.20100401353403,49.16168815632635,22.547578410994127,-244.20562614440902,0.0035109044387936664,-6.724274012088775,-6.6690157532691945,89000
0.25644618782401113,297.0,45.66618004606911,25.916325102936135,5.378093510817177,-244.50966783142078,0.009492215376347292,-6.7685416874885425,-6.68035536432266,90000
0.25702327507734296,666.0,139.45250087395348,67.77667955536731,15.417451448658312,-244.55188412475607,0.004451638204045589,-6.715838622570038,-6.6547214961052035,91000
0.2564951589107511,490.8,57.894386601811405,49.69631461013864,7.021612236078697,-244.78114205932624,-0.006431642660871164,-6.795999404430379,-6.728282062053679,92000
0.2559835665524008,326.9,37.13071504832623,28.496079736202738,4.44224963621612,-244.9263998565674,-0.0015935212057083777,-6.745419830322268,-6.694722651481621,93000
0.25569488930702217,633.5,135.91780604468275,63.74690688462022,14.98827351692621,-245.170444274902,-0.005302515530027445,-6.800644001960757,-6.6881212615966845,94000
0.2550546033680434,503.7,105.74313216469426,49.02947533219324,13.05296578467856,-245.21334403991705,-0.008158177249133588,-6.741963458061214,-6.699444153308868,95000
0.25552811938524245,769.6,140.8901699906704,77.76198058471718,14.602333674645388,-245.53062010192912,0.014603952988050844,-6.774492926120751,-6.71436604118347,96000
0.2558399602472779,640.5,118.94809792510345,63.43569833846801,13.683701225568548,-245.76939923095725,-0.005401376400142904,-6.7935328960418655,-6.711947963714618,97000
0.2553112552762025,694.2,127.12576450114273,70.21127606453177,13.226928437516253,-245.6953191375733,-0.0012444930514320604,-6.858784080982213,-6.722413213729849,98000
0.25510768103599535,589.4,69.53876616679362,59.7662019107311,7.949146651093654,-246.09648410034163,-0.007633717799559226,-6.777550782203664,-6.732415527343751,99000
0.25513575020432505,636.1,161.04375181918732,64.18286448427902,16.815767988586465,-245.88897903442373,0.007585041662678145,-6.786321315765378,-6.69054756259918,100000
0.25531491824984653,589.0,101.87050603584926,59.55833886317758,11.231396941500108,-246.26569926452694,-0.007800968762487193,-6.853370402812962,-6.7683949098587,101000
0.25543517348170214,630.8,126.12121153874158,64.11946220021117,13.875457093821932,-246.51262495422336,0.0058097195699811045,-6.8517800641059905,-6.794894969940182,102000
0.2559862559735778,581.6,39.385784237463135,57.78306026958412,5.005631442587232,-246.36123735046422,0.005855793992057444,-6.819335037231448,-6.753374105930317,103000
0.25658162584900807,680.0,137.70475663534648,68.92127642260178,14.526830612633868,-246.57961424255362,0.009570932635106116,-6.848371745586403,-6.746826797962174,104000
0.2566897670030594,622.3,101.33020280252083,62.704714083631366,11.235322154027315,-246.70373474121084,-0.012933648938313135,-6.872115553855902,-6.798735223770139,105000
0.2554617178142067,595.7,93.5051335489127,59.84445418239309,10.476910797248335,-246.83904313659647,-0.005756734990514804,-6.785188070774069,-6.716990513324733,106000
0.25494589212536817,601.2,142.1047500965397,59.92916456262903,15.890971429071268,-247.1408283996585,0.00271987022273242,-6.90607157087326,-6.824069767951963,107000
0.2559660854637624,566.3,55.688508688956645,56.48301599364406,6.54228339108294,-247.06288636779772,0.00831543886289001,-6.875403013706202,-6.784015954971307,108000
0.25714212575554873,585.9,46.71498688857785,58.646117521990725,5.628728156915941,-247.24920245361298,0.006822366142645479,-6.92972908163071,-6.8172076945304845,109000
0.25750315204262736,482.3,150.51182677783163,45.801562101974646,17.54486233659884,-247.44512176513658,0.002266170906834294,-6.907751652240747,-6.815912310600276,110000
0.2571498489975922,650.2,92.8372769958275,65.90079590951615,10.276179291505441,-247.4380948638918,-0.00890407620370389,-6.885230169773087,-6.798350711345674,111000
0.25622512537241016,732.5,127.32419251658344,74.33359536068872,13.983587673600436,-247.51420419311515,0.0030124522382393463,-6.895181868553165,-6.829176171302804,112000
0.2562089746892451,634.6,145.4394719462361,64.80557956505973,15.812364532899034,-247.66030024719223,-0.01623466792237016,-6.897773272514326,-6.843180997371669,113000
0.25530042722821206,508.8,111.98821366554607,49.52577668599499,13.853278833622303,-247.71232035827612,0.013751988437958038,-6.964852260589607,-6.852597980499283,114000
0.2559683089256284,434.6,176.59229881283045,40.87682958198959,20.0788720887202,-247.7006812591552,0.0006202094526961376,-6.943142203807834,-6.880019045352944,115000
0.25694068810343784,679.6,131.1100301273705,68.78774006727139,14.428735158648767,-247.99087129211415,9.749946650117551e-05,-6.933214773178101,-6.836129601478578,116000
0.2571612508594993,572.4,119.66051980498831,58.23102485762285,13.325206429626826,-248.10228173828096,0.0013237915858626415,-6.950526177883146,-6.839491859436037,117000
0.25659980264306026,566.6,85.20821556634078,56.68389344108958,9.648777038749264,-248.24180503845264,0.006754170144908131,-6.937619210720059,-6.8960782184600795,118000
0.2574024216830738,536.8,78.6902789421921,53.86074257196817,9.596767188686051,-248.3169917907715,0.0003164666108787042,-6.991013901710513,-6.882069734573362,119000
0.25707856878638347,757.3,159.86122106377144,76.50745015838373,17.133403539406988,-248.30726591491688,-9.170325146988615e-05,-6.9591198029518155,-6.879195583820345,120000
0.25660348257422433,608.3,82.71281641922248,61.721751238048896,9.51907665990858,-248.2803257904049,-0.0025064556663856037,-6.97640768337251,-6.8916796340942215,121000
0.25780470374226544,608.4,144.7523402228786,59.53210712414659,16.620503972723238,-248.4465607910156,0.0048718305975198805,-7.007673490047453,-6.9661615214347865,122000
0.2572132708728316,590.6,55.66722554609669,59.936356414009126,6.2144955802673,-248.4801023101808,-0.005227918514981894,-7.0279159460067655,-6.894570629596709,123000
0.25676302123069783,704.8,164.9568428407867,71.18728419182568,17.45986963339631,-248.66622442626976,-0.0037489181645214494,-7.034505837917331,-6.951867178916943,124000
0.25737424510717366,493.0,120.90740258561507,47.9621489511021,14.397029380436818,-248.49223048400845,0.0012377423513680774,-7.030214532852171,-6.953188024997714,125000
0.2572764658331877,608.4,102.81459040428065,61.264979031922316,11.59147334181231,-248.77642459106437,0.006193823019042615,-7.055282347679134,-6.962622850418091,126000
0.25716264325380295,500.5,153.53517512283625,48.0031491672417,17.953705292310154,-248.76275102233873,-0.00617464236635715,-7.062546760559097,-6.998271296024328,127000
0.25770906564593327,593.8,59.17567067638524,60.09766734733515,6.646170057075159,-248.70746224975588,0.0003801633846014791,-6.98831576490401,-6.912970178604131,128000
0.2566171092689041,793.8,168.32040874475086,79.97837471543454,17.136056391858133,-248.99838511657734,-0.004489027314819395,-7.054905701160444,-6.988727570533752,129000
0.2575530394911771,581.3,91.07694549116147,58.120531275912036,10.568973765991213,-248.90704862976068,0.008047715321183202,-7.10923430776597,-7.016687265396106,130000
0.25667434054613114,592.7,104.4892817469811,60.26337196878032,11.502956482557726,-249.01609870910656,-0.006555029462091632,-7.0637786436081065,-6.995884033679951,131000
0.25614613768458366,675.4,193.1477154925732,68.48271931234838,20.160826908381008,-249.32191346740706,-0.002352912019938225,-7.050225409984604,-6.95628715610504,132000
0.2558427810668948,676.7,94.24441628022319,68.9078619911077,10.380923668241422,-248.99201185607888,-0.007392783906310789,-7.034016748428338,-6.9372277827262865,133000
0.25662582555413227,704.2,163.64705924641603,71.15328103385137,17.560582346763947,-249.22821952819828,0.011920282183215005,-7.055824869155881,-7.001686872005463,134000
0.257998383432627,616.0,83.02891062756395,62.38923172243126,9.177816600360932,-249.50417718505827,0.010074510722421168,-7.092757491588596,-6.9962742686271655,135000
0.2569462727904319,601.4,36.50808129715939,60.67487237830388,4.66322098040845,-249.21343611144974,-0.004681840251199914,-7.020500204086298,-6.9308135538101,136000
0.25671141216158894,457.2,195.80949925884596,42.6171948491295,21.876326035396175,-249.2590547180175,-0.00954624761827289,-7.073990116596224,-7.020635200977334,137000
0.2562125593125822,578.8,162.76289503446415,57.74464216386297,18.205450337305592,-249.46577682495152,0.00215523871965707,-7.050187712669376,-6.947419925689689,138000
0.2566848620474341,751.0,168.0184513676995,75.55517208577378,17.840904757589087,-249.51738107299803,0.005716510923579334,-7.104687780380244,-7.034924325466169,139000
0.25747599729895637,590.1,74.63973472621672,59.142241484746826,8.484738586903077,-249.57697517394996,-0.007092352341860528,-7.135424314975739,-7.040515777587883,140000
0.2569267403483385,618.5,103.95792418089157,62.83038613825562,11.451091541058739,-249.70504846191426,0.0062594059761613575,-7.043674581527708,-6.990442229747769,141000
0.2566841290593149,599.0,49.06933869536047,60.4232563631157,5.771189036508488,-249.4970539398194,-0.006884940406307571,-7.104290515899649,-7.052265768051137,142000
0.25625598898530005,507.3,66.38230185825134,50.427414840197684,8.202810517044586,-249.8007288513182,0.006530800338834524,-7.137311906337744,-7.072655815124522,143000
0.2567067855596541,526.7,87.48376992334065,53.210983540143054,9.574609791763637,-249.71314714050337,-0.0018159492891281796,-7.148314234256753,-7.058683784961694,144000
0.2566525125801565,707.9,172.04909183137238,71.8514884501411,18.615535108339586,-249.70935466003434,-0.008016821512952448,-7.143181345939633,-7.055854740619661,145000
0.2556823812723161,760.8,135.11313777719766,77.25980552078397,14.592481995450008,-249.95961279296876,0.0018581566605716986,-7.103041317939767,-7.035600852489478,146000
0.2564253362715241,626.1,91.71962712527782,63.22711755891678,10.319038534801791,-249.84793223571768,0.00089508922584356,-7.160745756149296,-7.064477751255024,147000
0.2560467525124556,564.5,54.59716109835748,55.83562274753074,6.268487459017709,-250.13678559875513,-0.002335796585306532,-7.109472993373879,-7.0489369344711275,148000
0.25669541856646566,685.3,87.07129262851218,68.77825687910845,9.857283991898466,-249.95311036682133,0.007713168645277663,-7.162214980125424,-7.080307851791384,149000
0.25612604510784154,433.6,103.16511038136875,41.4866962017669,12.70902983821899,-250.1534047851564,-0.0022115524429827745,-7.149468156337734,-7.064371866703028,150000
0.25692101532220907,708.2,123.42754959894489,71.44225313095342,12.863050535656557,-250.14148832702605,-0.0039006620384752803,-7.140098155975339,-7.071464021682749,151000
0.255541353285313,628.1,89.10381585543908,64.00833275238558,10.018958950862524,-250.05633795165988,-0.004475332413800037,-7.143719686508174,-7.069355774402619,152000
0.25465828377008465,379.2,81.54360796530896,34.682624817413284,9.571867436084199,-250.0680074920656,-0.003914751760661591,-7.109184864521032,-7.052813374996182,153000
0.255098309963941,676.0,157.67371372552878,68.21777818831984,17.00303630503409,-250.41164903259326,0.0024631454367190636,-7.236488799095158,-7.176529872894293,154000
0.2559308329522619,665.5,113.41979545035338,68.01354035006196,12.616162200256845,-250.2081137542725,0.0016372165950015178,-7.206428065776831,-7.133064629077916,155000
0.2554372342228881,431.5,89.19108699864577,41.15843209912226,11.514787737273165,-250.30444821166998,-0.0027184292674064777,-7.128116821289063,-7.070414024353034,156000
0.2550485979318625,565.4,91.49885245182041,56.18923176602026,11.023802638884424,-250.30932164001447,-0.0036096228985115857,-7.206734690666203,-7.119932057380677,157000
0.2537082168161871,669.2,118.12942055220623,67.63230161996641,12.889622120460833,-250.16032345581104,0.0008189341994002629,-7.209442256450659,-7.127373382091529,158000
0.25441999042034136,555.9,86.97177703140254,55.44572836207746,10.290883926689064,-250.3809179992672,-0.0008485666876658794,-7.217791163921356,-7.118141205310817,159000
0.2550218885242933,418.3,85.89650749593956,39.95884999003257,10.977546731172625,-250.37175827026329,0.004022985437884936,-7.218002352237707,-7.19383895874023,160000
0.2551454467773435,345.7,27.4228007322374,30.93970341201745,3.404220487512667,-250.42092767334012,0.006146574407815938,-7.218668566226969,-7.109808926105489,161000
0.2559742622673515,657.0,139.5621725253659,66.37660446297055,15.09036046725932,-250.49836332702614,-0.0031200974481180293,-7.250869975566873,-7.159841903209694,162000
0.25621006259322165,735.5,123.59389143481162,74.52694417773012,12.740708551952554,-250.4902109832763,0.009688060669228426,-7.239955026149751,-7.144821896553042,163000
0.25665192055702224,593.4,93.93955503407497,60.04501544704095,10.401856830603874,-250.46759443664544,0.0028356561716645985,-7.159323551177991,-7.104470894813538,164000
0.25680186086893053,651.5,101.3067125120542,66.01232690619784,11.091480158822947,-250.5294937438962,-0.010781091427430537,-7.198872018337245,-7.10484019088746,165000
0.256783587455749,570.7,73.18886527334605,57.728860033111985,8.28394607000206,-250.4881821594241,-0.0001236701188608966,-7.236608576297759,-7.162889881610871,166000
0.2560149331390855,582.0,74.05403432629447,58.69113906044356,8.393838772557801,-250.7307910003663,-0.0008984913947060778,-7.249759035587307,-7.1709593529701285,167000
0.25664631408453004,662.5,84.76703368645148,66.70107727930218,9.324938514369387,-250.56870745849633,0.008496190181002027,-7.267249204158786,-7.211689591407788,168000
0.25594190043210974,386.9,118.74295768591922,35.978945241495595,14.091804815172093,-250.78132545471158,-0.01261558821238577,-7.219924573421473,-7.14364299345017,169000
0.25614415323734235,627.3,149.13218968418587,63.472372055525526,16.16206624595764,-250.76666473388678,0.004310446182265902,-7.188631072521207,-7.105286656379688,170000
0.255877448171377,669.8,167.7693654991876,68.25739274545909,18.486731728712048,-250.62201063537566,-0.00021791214961558778,-7.17197273635864,-7.133402173519129,171000
0.25565812900662466,637.2,148.85953110231137,65.05203184810303,15.820721504950605,-250.85173237609848,-0.003242455530911693,-7.230524055480971,-7.148747446537005,172000
0.2557568310499202,641.0,131.73685892718103,64.3153667708181,14.485357396153823,-250.66396087646532,0.006957695910707132,-7.297807117462162,-7.224717301845548,173000
0.25530698737502067,574.1,100.49323360306404,57.09748965732919,11.81219314172558,-250.63142613220205,-0.004360787642188363,-7.182711318016053,-7.123593760967273,174000
0.2568907907903194,436.3,92.02613759144735,41.3413723094302,11.635120854325343,-250.60890441894534,0.0021106604756787584,-7.179812758445743,-7.109232963085171,175000
0.25603014805912977,601.7,127.8382180726875,59.61529191176541,14.694563088271492,-250.69236524963392,-0.004994007405824956,-7.198069275856037,-7.125282485008233,176000
0.2566560562849041,506.9,135.60859117327337,48.7850335822779,16.085622171762587,-250.57735264587413,0.013666348293423666,-7.250625932216655,-7.155848301410669,177000
0.25678721007704763,648.4,154.39183916256715,65.59193290470729,16.304655637385622,-250.69562927246125,-0.004775025805458432,-7.233267404556274,-7.150514919280996,178000
0.25634750801324857,710.7,149.66298807654485,72.24251853399868,16.05858511973049,-250.63100527954097,0.006251420886255801,-7.26418700361254,-7.207726903438576,179000
0.25727888476848615,524.6,112.76719381096615,52.38181884319836,13.561121031728817,-250.7611587677002,-0.005700210995040842,-7.3100725598335385,-7.228594085693358,180000
0.25651487901806846,491.0,198.44092319882006,46.89730387593537,22.234597305634825,-250.82931008911152,0.004389572220854456,-7.240145104408272,-7.162886874675748,181000
0.25662591531872736,729.4,175.4093498078138,73.74423280425306,19.03273030546093,-250.65280398559568,-0.008784930985420936,-7.178215646743767,-7.093037716865529,182000
0.2562548440098768,571.2,62.481677314233494,57.30412136772234,7.095181840723988,-250.7516009063724,0.006647654525004326,-7.303437573909764,-7.1925538415908665,183000
0.2562907526791102,679.4,177.03909172835247,69.0102856080347,18.85555167939748,-250.93877027893078,-0.007261359095573414,-7.225343203544617,-7.187870550632464,184000
0.2559781316816809,653.6,145.6414776085439,66.66316079162702,16.17187669098028,-250.7391504058842,0.004620727007277308,-7.226321547031402,-7.174600778579704,185000
0.25557569983601564,400.5,68.7113527737593,38.49011892322784,9.178033427303726,-250.73804669189462,-0.0064812004873528815,-7.235355575084684,-7.1635413489341655,186000
0.25496438619494405,544.2,78.22505992327523,53.939623597827236,10.074166423113946,-250.69185137939442,-0.006784712640568613,-7.313042517185211,-7.24932527065275,187000
0.2550895423293108,594.8,67.9658737897189,59.88761710561593,7.512433762786235,-250.9769954071043,-0.004613938430324194,-7.27542955875396,-7.195650389671325,188000
0.254897074490785,489.5,101.20993034282753,48.02687540517924,12.566093192604843,-251.0578416595461,0.018188923481851853,-7.31616836881636,-7.264732557773602,189000
0.2563623024225222,661.6,115.78618224986953,67.05118964559011,12.781360166663722,-251.03070693969744,-0.00028525658231228656,-7.3235002655982875,-7.2393466701507645,190000
0.256173569351434,623.5,83.46046968475555,62.95148409281156,9.32278233754357,-250.92409541320814,-0.0035313061280176,-7.31259775638581,-7.270988511085501,191000
0.25611989930272167,573.1,88.08229106920415,57.72613037278783,9.831688357202587,-250.9010225067137,9.834176581354025e-05,-7.3209700055122395,-7.222623229980472,192000
0.25544891953468246,652.5,155.69152192717496,66.23385717005145,16.877836493803596,-250.94102803039564,-0.007502483501099012,-7.325779126167291,-7.260014673709888,193000
0.2536956306695939,539.7,52.816758704032566,54.686900039989084,6.060668579355263,-250.80333248901394,-0.012413340778090058,-7.306863317489623,-7.223373940467838,194000
0.25293663695454566,608.1,65.57659643500874,61.71658660046501,7.377945478494856,-250.9269744262698,-0.0004425075305625818,-7.322539470195772,-7.255761759281159,195000
0.2534387660026545,580.3,138.48469229485258,59.00125125807894,15.393265371081966,-250.93969004821798,0.010180047387257234,-7.358658906936651,-7.276250648498546,196000
0.25488458427786825,578.2,117.87094637780761,58.28978021322554,12.862203949380872,-250.96955657959032,-0.0019019484529271761,-7.29772383642196,-7.2264341597557165,197000
0.2547020489275454,563.3,91.51289526618639,56.000364752891926,10.871509302033477,-250.98520324707061,0.004260695171542473,-7.314205023765554,-7.274022027015702,198000
0.2549379543662073,491.5,74.22836385102396,48.46831869690112,9.40172845703691,-251.04462033081057,0.004528193615376956,-7.371667411804195,-7.316822847366337,199000
0.25555053690075935,683.6,150.93058006911656,69.67129594726104,15.817379029093836,-251.01310508728005,0.0014733218410983705,-7.3308512129783665,-7.267889039993285,200000
0.2548434306383125,626.5,111.49282488124516,63.11191489512288,12.485268282272372,-250.91871492004384,-0.005534506423398868,-7.36191953086853,-7.282657953262334,201000
0.2539527546465395,606.9,67.00514905587481,61.839509457425265,7.612409765521487,-250.94236741638196,-0.005292062273249054,-7.29914435434341,-7.286734977722157,202000
0.2540118205249314,593.3,106.2535175888309,60.35471128679999,11.926729888254538,-250.927440750122,0.006609231693670159,-7.35620164108276,-7.2923974008560215,203000
0.25490608936548315,626.0,112.06248257110852,63.739899117535224,12.244291207459272,-251.12996405029295,0.003583816150203345,-7.349306835651401,-7.265228425025938,204000
0.25569357076287386,527.9,61.033515382943484,53.6710287591951,6.818207678897702,-251.28764378356928,-0.0040890397876501,-7.351818624019629,-7.2777094502449025,205000
0.2551143088340753,552.8,100.45476593970044,55.62874943988865,11.74788082413466,-251.2487158966065,0.002635669682174915,-7.354282618999471,-7.284044536113747,206000
0.25554889181256246,594.8,144.11231730841052,59.859884439494515,16.030419027193172,-251.12616090393067,-0.0008180800620466619,-7.339618439197542,-7.253792380809786,207000
0.25501334017515137,601.8,112.30209258958624,60.82307203462898,12.650124077025701,-251.13703811645513,-0.00021181849483400017,-7.347756703376771,-7.267152063846578,208000
0.2545288190543646,667.0,80.78737525133491,67.3763634433146,9.338960279800014,-251.17499708557125,-0.0015977109130472027,-7.392887744426734,-7.317471809387202,209000
0.25481402063369796,601.3,83.30072028500113,60.639083000362014,9.443211485840449,-251.28516049194369,-0.0015641516903415296,-7.357684298515323,-7.281311642169959,210000
0.2544520004391668,657.9,111.88516434273133,66.76105492536037,12.39026337841854,-251.46870610046372,-0.0022166312122717463,-7.3829729204177825,-7.305385709762575,211000
0.25448946297168734,673.4,146.91780014688487,68.01468045728353,15.87403189451751,-251.1735130615236,0.0031041817301884237,-7.413953869819637,-7.344943115711207,212000
0.2553873456418515,599.3,93.80730248759954,59.98116752738068,10.384694983277603,-251.22742286682114,0.005854553475975987,-7.353777495384219,-7.323236132621768,213000
0.25520889195799823,622.6,68.97419807435242,62.53058206568875,7.845789193175989,-251.45392173767044,-0.003990815410390491,-7.365981986999515,-7.271437583446493,214000
0.254952760100364,554.1,122.70896462769133,55.08146583957283,13.899135178920002,-251.3086021728517,0.004166268061846492,-7.417949112892152,-7.361302246093762,215000
0.2554874434769151,669.7,109.53816686434004,67.87316360694426,12.153879865249545,-251.41766336059575,-0.0007857584115117813,-7.437287360191347,-7.374442438602438,216000
0.25522416532039577,561.0,74.33976055920546,56.680777236350046,8.336346267282277,-251.18037115478543,-0.0064858427252620495,-7.409647513866427,-7.357121313571921,217000
0.25487529042363166,525.5,67.02275732913411,52.597632830479,7.733082052391452,-251.31793196105963,0.0071837177816778345,-7.376600681304932,-7.30279172229767,218000
0.25470232251286573,726.1,152.02924060850927,73.45456383938513,15.613934340713055,-251.4439138946532,-0.01006738508865238,-7.471253991603858,-7.410434299945834,219000
0.2534442466497421,664.2,123.33758551228415,67.09339476817378,12.546041962940832,-251.11429449462904,-0.009191996063105754,-7.371904790401474,-7.306156725406662,220000
0.2536128634214406,576.5,96.8826609874027,58.65228078520721,10.836120122995423,-251.33580929565446,0.008813037341460583,-7.486735517501837,-7.394538214206692,221000
0.25423871219158095,538.5,86.96924743839054,53.648067662660445,10.480898877383558,-251.28496006774841,0.006937489744275809,-7.421682274341576,-7.3456240115165725,222000
0.2548863601684565,478.2,139.64941818711597,45.677262136871796,16.7763882164246,-251.18104768371595,-0.0004560434920713311,-7.425332246780396,-7.382605772495261,223000
0.2549709178507323,760.9,143.97461581820596,77.28270448112742,15.23380318379674,-251.30625303649904,-0.0026115284310653775,-7.384858047962194,-7.348507688045503,224000
0.25513406419754026,520.9,39.78806353669402,52.62091288799242,4.911329303455524,-251.43693811035146,0.005614792458713067,-7.517483643531779,-7.425964178562164,225000
0.25488387054204964,633.5,58.74223352920793,64.43207120720884,6.7956883124919,-251.40912423706,0.00047721316479145315,-7.494256237030035,-7.417061757564541,226000
0.2543328656554218,646.2,144.2558837621537,66.12996152483561,15.664684994792106,-251.4006394195553,-0.0021934095225297147,-7.45116154384614,-7.410771730899806,227000
0.2552345860898494,393.4,72.90980729641245,36.69629820039023,9.484756659708072,-251.40442842102073,-0.003376590382307756,-7.432726385593413,-7.360703720092772,228000
0.25390831440687156,624.9,147.43096689637494,63.073620372179995,15.476695705731219,-251.24874703979503,-0.009943599415011682,-7.396442428112037,-7.336483462810516,229000
0.25378132081031807,614.4,117.39608170633294,61.57321452747898,13.444653107263537,-251.31922837829578,0.0044554319353774146,-7.440457828044899,-7.383484203338609,230000
0.2537534749507907,652.8,83.33282666512639,65.14801155939665,9.581387123223232,-251.35314662170384,0.0001699947761371808,-7.471890332221995,-7.4021322093010005,231000
0.25394754436612155,559.7,32.95466583050115,56.86773679994441,4.1403451578805015,-251.20560232543926,-0.0007825593771413023,-7.4470149979591325,-7.363929375648495,232000
0.25281865504383966,730.2,143.77468483707415,74.17827989229951,15.497844901767206,-251.31466316223154,-0.0013397786207497422,-7.493796553134925,-7.425650509357445,233000
0.2540854654610157,668.9,140.2023180978118,68.1385460942299,14.984783114848184,-251.5228692016597,0.010141208535060259,-7.546714951515204,-7.454611721515656,234000
0.254544834554195,638.6,79.27193702692018,64.4614240414566,8.846242757976825,-251.3151668090817,-0.0013312894571572487,-7.465802613258366,-7.375683275222792,235000
0.25483662456274037,557.2,70.09821681041537,55.83248835174673,7.75283630805408,-251.19085379028306,0.005047806920483712,-7.470594824314116,-7.3661838078498825,236000
0.25385284993052515,602.7,54.98554355464716,60.690582143301775,6.144710234257695,-251.270077972412,-0.011349780404940245,-7.4666954994201555,-7.406874308586117,237000
0.25363679391145755,774.7,179.16419843261096,77.64900461077981,17.97851270453293,-251.46762501525944,0.0007631423389539136,-7.444194239616395,-7.40825615835191,238000
0.253395274132491,507.7,100.96935178557897,50.140646864081084,12.623593973479903,-251.2717252807619,-0.005997669254429627,-7.511390853405002,-7.460583515644075,239000
0.252421192765236,442.1,96.81471995518037,41.77988690416501,12.067878117461518,-251.40401669311538,-0.010896467838436383,-7.4794573755264295,-7.408934764385226,240000
0.252506895691156,563.8,65.41070248820142,57.16980802740756,7.244480863892782,-251.37322303771973,0.011754920065403011,-7.550105753898619,-7.52253734588623,241000
0.2543488523066043,555.9,103.1333602671803,55.47495174201968,12.573943520925928,-251.2483796234135,0.00965827115438875,-7.490887607097617,-7.3999239635467555,242000
0.25485465613007635,657.6,153.0047058099848,66.54487960826923,16.626764290118178,-251.35521972656235,0.001025901819579307,-7.534435289382939,-7.444766763687124,243000
0.2549547148048878,657.3,106.41621117104292,66.97318789336903,11.636105298491033,-251.49534953308128,0.0075470071835443365,-7.5181804146766575,-7.470385671615597,244000
0.2546689453125004,587.3,65.87268022480944,59.61835486112247,7.4471929447589975,-251.44559648132272,-0.01769094096310432,-7.463166874885572,-7.375347389698018,245000
0.25397183492779773,582.3,110.2406912169912,58.79435494661812,12.184136385549769,-251.21717970275893,0.0075930973794311385,-7.5289425826072724,-7.442197035789499,246000
0.2538173067569732,462.6,91.54146601404196,44.9140325647178,11.534499307968279,-251.3135316467283,-0.005001837879419318,-7.5474533076286425,-7.464559733390805,247000
0.2549063709378244,606.4,146.2225700772627,60.93810036133692,15.298177819073302,-251.26638722228998,0.005819709886796781,-7.460647989273075,-7.382952073574062,248000
0.2538548321723937,686.9,128.53828223529362,69.23163861105799,13.923641988158817,-251.33245652770992,0.00287328843958675,-7.51150185203553,-7.465672338008885,249000
0.2547916182875625,739.0,139.86421987055874,74.43652787134651,14.23674201789123,-251.27943772888156,-0.0019389192946255125,-7.509566179275511,-7.438612817287447,250000
0.25433735671639485,621.7,63.91877658403672,62.70499924195826,7.434044704306592,-251.54738342285145,-0.005745268561877308,-7.511888797283176,-7.4181890616416855,251000
0.25323137763142556,562.3,48.6231426380484,56.57727603270553,5.636280799163014,-251.39708444213798,-0.0030409234724938818,-7.533100682258618,-7.455567657470718,252000
0.25303888577222855,509.1,140.5264743740481,48.91136759869582,16.60438131081517,-251.3049669189455,-0.001610713411122557,-7.502834414482123,-7.433432411193847,253000
0.252543442845344,637.4,155.2863162033281,64.53563301381824,16.499909002202887,-251.50312406921373,-0.0023769185533747024,-7.523146186351773,-7.446176473140728,254000
0.25319188192486736,573.9,62.052316636850875,58.07496471160165,7.21260159993048,-251.55220819091807,0.008779082152061168,-7.531669813632965,-7.427444487094894,255000
0.25410836145281773,582.3,86.64184901074077,58.999824857604544,9.451447070802779,-251.404059921265,0.003900560273788864,-7.541332554340355,-7.460994857788093,256000
0.2549182906150818,580.0,94.58541113723616,58.0799954470715,11.160698189403142,-251.37579812622042,0.004617916891351344,-7.517383508205427,-7.511500045299534,257000
0.25474190527200635,647.1,118.86584875396296,65.67856071162527,12.978642103388141,-251.35628790283207,-0.00011254692263902177,-7.52324250078202,-7.457946440219876,258000
0.2544357881844052,578.8,88.24035358043393,58.307849423434824,9.98440227279894,-251.4066022033694,-0.0069685960737988425,-7.564906906604767,-7.507585725784313,259000
0.2534793250262733,662.1,138.99528768990697,67.41204825548718,15.006127438380426,-251.20249624633803,-0.004623295052908358,-7.508099151611333,-7.44074804592132,260000
0.253993736743927,475.3,85.86623317695961,47.244977567771315,10.507440214573831,-251.2817845916748,0.0055596430031582735,-7.535998453140266,-7.485412687301633,261000
0.2547283805608744,622.9,98.33254801946302,62.73188650379641,10.823366181865156,-251.19000813293502,0.003783744676969957,-7.561390764236452,-7.489293098926539,262000
0.25473262783885087,631.1,149.58238532661525,64.20182424481068,16.390778304349322,-251.23905268859832,-0.002163747064769274,-7.54349177074433,-7.454750997066504,263000
0.2545845684707166,652.5,103.32400495528617,66.77629081528096,11.325064634465312,-251.2084095611572,-0.006006806191056964,-7.4987887544631855,-7.441672046661389,264000
0.2542679035663597,660.7,140.36669832976767,66.88264704111285,14.619119626235468,-251.31175506591794,0.0015464968262240233,-7.5903514518737705,-7.462969175815572,265000
0.253429775923491,517.9,45.69781176380331,52.070513897454205,5.165984167759479,-251.29927188110375,0.003829367201775329,-7.596786158084873,-7.5379114432335,266000
0.2542221218049527,603.0,114.55391743628849,60.9012003882526,12.046183565203311,-251.27128509521506,-0.0021110107628628597,-7.495209040641773,-7.4192676630020085,267000
0.25362439072132137,613.9,111.10126011886634,61.966808450776966,11.900929581867464,-251.2181307678223,-0.002900593313388527,-7.508085131168363,-7.439391670227045,268000
0.25293635210394805,444.5,86.54854129331123,42.81946197470206,10.826298217302071,-251.4049083099368,-0.0027933528488501796,-7.557344333648673,-7.4814098343849365,269000
0.2532878764569765,640.4,142.79719885207834,64.07428966879283,14.933017784385779,-251.29568560790986,-0.0005687732165679338,-7.5623754663467375,-7.45982194042206,270000
0.25341905573010415,613.7,128.3464452176218,62.561307637304694,13.994714640276573,-251.24898156738266,0.004179767637513589,-7.545421950817099,-7.510267444133755,271000
0.253561097353697,681.0,122.03360192996026,69.05860037452524,12.651470313679802,-251.14752822875943,-0.00349405662529169,-7.476666338920598,-7.443662501811987,272000
0.2537094020545493,672.1,136.4217358048196,67.71270266127077,14.114352016577106,-251.1402365112305,0.009326631641015394,-7.6201986374855055,-7.526036411762232,273000
0.2542958861291406,608.9,87.13948588326649,61.82386274200569,9.960600219218682,-251.25940255737297,-0.0022902712225913997,-7.550146369457249,-7.497941087245943,274000
0.25454039466381134,665.1,137.29344485444307,67.49386731695792,15.070833035947187,-251.10998471069342,-0.004949867293238631,-7.574601431846622,-7.513074433326719,275000
0.25385254055261625,663.1,92.64604686655551,67.40882317998712,10.182133157054157,-251.04376632690438,-0.007288077481091025,-7.545548274517061,-7.480174015045164,276000
0.2532391238510613,598.8,33.11736704510188,59.93256099046334,3.9231224477945528,-251.27665469360394,0.00945774757117033,-7.639513200759881,-7.570726455211638,277000
0.25423907080292707,561.4,64.34469675116979,56.273731574681726,7.500596801094937,-251.28465498352034,-0.0013755917390808627,-7.565446395874024,-7.475663131237028,278000
0.25421828249096845,590.1,83.67132125166901,59.807822250150636,9.004350789775485,-251.2047811126709,-0.0013001515967771512,-7.573132594585408,-7.5201376299858165,279000
0.2532140772938735,574.6,94.12459827271509,57.936401884986424,10.524351157735353,-251.17778907775843,-0.0026662213401868902,-7.544033275127412,-7.500599343776697,280000
0.25338830104470234,677.6,114.82612943054382,67.83311509176822,12.476833924963797,-250.98224343872045,0.0038142022546380754,-7.519485505104059,-7.447577817440026,281000
0.25357176157832073,606.1,99.55445745922178,60.992873642655745,10.664766255885148,-251.34561416625945,-0.00025698484573512525,-7.620067323207845,-7.553441573619841,282000
0.25395769175886984,670.9,113.40057319079123,68.52102357867697,12.244952670281332,-251.1862078247071,0.0033015534225851314,-7.621765879631037,-7.535310495376589,283000
0.25340168324112905,545.6,89.12373421261027,54.06111318115756,10.937818251328105,-251.13222747802732,-0.001279497129842639,-7.620406192302705,-7.541555654048918,284000
0.253572385370732,514.8,70.2179464239734,51.2419205871281,8.710230893620077,-250.95666651916528,-0.0032398926950991266,-7.60067292928696,-7.535523758411414,285000
0.2542080771327017,552.1,121.88227926979378,55.132697971630975,14.03286674768704,-251.0308638305663,0.0054672624487430025,-7.590215634346006,-7.499160316467296,286000
0.25386633157730065,610.4,66.85387049378667,61.824012003573316,7.793569727995969,-251.10738729858423,-0.00027929390594362606,-7.574972495555881,-7.52773795986176,287000
0.25402688011527114,577.4,73.34875595400375,58.34945412281495,8.070450748906191,-251.16664320373525,-0.006677078294567782,-7.62293166255951,-7.5495539965629535,288000
0.2527417143285276,565.0,26.023066690918657,56.49095828492624,3.5232899244692093,-251.18288201904318,-0.008126884206198164,-7.620711995124818,-7.54705776119232,289000
0.2527318935990331,563.7,43.888609000514016,56.51141780918964,5.389384383932807,-251.262417053222,0.0119380474612117,-7.638566161155698,-7.5731552200317305,290000
0.25217511996626846,558.5,69.41649659843112,56.7746611607866,7.939733865197512,-250.9721779937743,-0.01068953948840497,-7.631951896667482,-7.531762887954718,291000
0.2527225493192665,683.1,140.90525185386102,69.56217248940389,15.20539893004283,-251.33219140625005,0.007540786174125974,-7.724965356826789,-7.670100985527043,292000
0.25285484889149695,657.2,100.98395912222891,66.85662887004354,11.27536923436193,-251.06571406555207,-0.0037628601416945413,-7.622634534835826,-7.506922829627994,293000
0.2523567489385609,628.8,113.16342165205151,63.826183587584254,12.512014154468924,-251.07840486145008,-0.008727000691927953,-7.601487120151518,-7.550656565666198,294000
0.2521214189827437,687.7,142.36997576736465,69.6782929678592,15.74000679157688,-251.08309210205073,0.008046881804242761,-7.5808661742210415,-7.5204276614189265,295000
0.252945145964622,642.0,129.05502702335932,65.20443275387287,14.069545209913567,-251.0303328857422,0.005664662028662854,-7.624496875286104,-7.553243713378906,296000
0.25352712517976805,561.3,94.80300628144657,55.79255558305235,11.626809785592043,-251.07870422363288,0.0010413595456630037,-7.6357958221435425,-7.539913644790644,297000
0.2530777226090436,562.2,36.94536506789451,56.8115641529137,4.39004482858637,-251.19982212829598,-0.013434862446039924,-7.606815155982983,-7.510760179042814,298000
0.25159840402007116,627.3,130.60937944879763,63.26370349812258,14.521244618212473,-251.36869038391077,-9.021919127554157e-05,-7.647221524715416,-7.566749630928053,299000
0.2518502742946141,704.3,153.46664132638077,71.21096594622026,16.224461779299805,-251.0808628540037,0.0007639485178515208,-7.572402708053579,-7.5108195638656605,300000
0.2514736766815195,632.1,112.34985536261273,63.6845399737616,12.111897659587937,-251.09885961914065,0.00513245213776826,-7.662667773246769,-7.563794773101815,301000
0.25271616175770834,606.8,61.661657454207315,61.24864716490775,7.0485401765997295,-250.96360797119115,0.001424282975029204,-7.619312978744509,-7.551421656608579,302000
0.2536581260263932,617.2,152.95999476987438,62.572004270581246,16.580520534497573,-251.06054354858364,0.009048140136525044,-7.617718266010281,-7.544917893886566,303000
0.2535815801620492,749.4,185.67940111924102,75.93256098533786,19.511469587488577,-251.1782772827147,-0.007763847797177737,-7.605857368946076,-7.52595599269866,304000
0.253046302080155,498.7,101.73696476699115,48.9121143948767,12.515304645146214,-251.23404701232883,0.009650419430807227,-7.668110520362863,-7.60081935977935,305000
0.2538972112834458,723.5,174.0041666167796,73.1193375548777,18.80355710053922,-251.08701506042485,-0.007648555358871803,-7.6989738197326485,-7.627064075946809,306000
0.2546995248496524,622.6,108.36992202636301,62.98739197444867,11.705637908621153,-251.09507025146462,0.014612232422456111,-7.695786822795871,-7.624104079246522,307000
0.2555574223399164,608.6,174.15981166733042,60.73609505420947,19.427851096219424,-250.85614617919873,-0.0029749367916956566,-7.6524685363769525,-7.543170659542081,308000
0.25453879272937807,537.9,50.05287204546808,54.231941775521555,5.912821483102312,-251.025345336914,-0.007253832514397788,-7.619664277553562,-7.565708058834075,309000
0.2534637667536739,586.2,69.9511257950864,59.188435973803,7.77542685024617,-251.01188742065443,-0.003453886615112413,-7.609576981067658,-7.547232885837549,310000
0.25418312752246836,688.2,105.00361898525212,69.9402941302742,11.558050192678202,-250.97836703491197,0.0101677480340004,-7.655542695522301,-7.544769869327541,311000
0.25542779538035426,564.5,83.17481590000666,57.30695936953758,9.416652777810713,-251.09938661193854,0.0030647729709744583,-7.7105480318069475,-7.639976556301116,312000
0.25508091408014266,552.0,91.23814991548217,55.81918904545022,10.794901143036732,-250.96930224609383,0.0015953590516000955,-7.618660950660712,-7.559370108127592,313000
0.25492265221476546,662.1,146.01880015943152,66.16754400950512,15.107029083859072,-251.15803190612783,-0.004693156179040663,-7.596778966903687,-7.511815016746527,314000
0.2550472684502595,657.4,154.38341879878163,66.06212661602008,16.396214782995965,-250.97981262207023,0.00045468819327650767,-7.6327496547698965,-7.5756157407760725,315000
0.25397457540035223,603.6,134.7933232767855,61.434752417009584,14.601011972290538,-251.06239678955075,-0.013262004935182639,-7.6681858034133965,-7.5732425885200625,316000
0.25315775331854823,724.9,144.20988176959304,72.89549317648789,14.53234151098112,-251.03406222534156,-0.002819193672388793,-7.646500439167029,-7.549884383678449,317000
0.251634282380342,681.9,169.33307414678328,69.16056021880203,17.228587328725744,-251.0112211608884,-0.006643976805731666,-7.680773663043985,-7.572619415283208,318000
0.25200520938634857,697.9,118.62921225398068,70.7604729481752,12.963068438719716,-251.0472803192139,0.0034037175038829437,-7.648429935932171,-7.584220201492302,319000
0.2513162580430502,716.9,140.69431402867707,72.58248171100456,14.830956095498978,-251.06979158020044,0.0003976453719660661,-7.6247036681175135,-7.567354917526241,320000
0.2531777484118939,640.9,142.82748334966908,64.56639161840918,14.900148380552203,-251.02340588378914,0.01493970543611793,-7.6475597214698885,-7.563128998279573,321000
0.2534114628136153,581.4,120.48252985391699,58.88814880458912,13.095767412162896,-250.93306040954602,-0.007271882654167739,-7.642484329700464,-7.576910706996919,322000
0.2522072068750857,675.6,170.18648594997197,68.06992073917681,17.723416433965266,-250.80522863769525,-0.0051532233534380785,-7.69785605621338,-7.629716402053826,323000
0.2520075483918189,561.1,120.8192451557284,56.82235193976759,13.359623010828784,-250.8772413635255,-0.00013382700178774198,-7.698541753768914,-7.616030559062967,324000
0.25193538585305225,482.8,84.30160140827694,47.158006959768734,10.683112453823961,-250.95400199890142,-0.0012611662419512895,-7.708772486686698,-7.620943552017207,325000
0.2535278910696504,705.3,177.216280290497,71.85336641214923,18.680647421474706,-250.91637220764147,0.005288934543728848,-7.680221679687506,-7.60687103128434,326000
0.25378873321413997,729.2,211.2925933391892,73.47306702990394,21.749022621802784,-250.80066862487803,0.010786410409491536,-7.677797038078305,-7.608856208801272,327000
0.25393158447742475,587.1,40.37932639358908,59.230420770413204,4.535892992664657,-250.77785514831558,-0.014074724669568247,-7.627832909107203,-7.562980577468871,328000
0.25235204496979724,674.7,123.39858183950089,68.37453731223844,13.647871598743889,-250.96437907409694,0.003380956706590944,-7.677091133594521,-7.637974009037024,329000
0.25391556009650146,649.9,133.68653634528798,65.58337356023014,14.78354051043755,-250.7737302703855,0.004734714026562883,-7.61675832176209,-7.544263487339034,330000
0.2526642738878731,549.5,49.68349826652708,55.43676561904631,6.04462194467405,-250.8867194976803,-0.007405495535582301,-7.705201524734499,-7.590082556247709,331000
0.2527431233823297,612.6,56.07530650830185,61.80329045648899,6.295588006181625,-250.84083352661125,0.0013186721019446909,-7.735831917762755,-7.703981668949135,332000
0.25294075280427947,652.2,90.61765832330916,65.9914896800762,10.048065438898535,-250.86894744873086,0.005488812895491714,-7.7118372850418,-7.633760500907905,333000
0.2529475932419301,611.8,115.89201870707059,61.992877725548,12.492505182004265,-250.58883822631816,-0.002235469825565832,-7.676012870311732,-7.5754914722442654,334000
0.25327110102772804,633.5,96.08355738626666,63.71512083840181,10.866718517599045,-250.54360353088353,0.0007795428922399851,-7.724300892829887,-7.672960690498348,335000
0.252423296928405,705.2,194.4226324274003,70.49870896977711,19.923220028977003,-250.43004556274406,-0.007999765460379456,-7.680393686294556,-7.609543119430549,336000
0.2513533964455131,569.1,60.544941985272395,57.32196610277239,7.290227113082072,-250.5169110565184,-0.00141981879435479,-7.701153832435597,-7.596379428863526,337000
0.2511248967647555,572.4,66.90620300091764,57.5976951340064,7.546657716082847,-250.5283503570561,-0.005373980579897769,-7.670076512813569,-7.595080046653753,338000
0.25180958071350995,611.6,53.90213353847879,61.673989792360764,6.383596254897933,-250.69568161010682,0.009181216878816461,-7.781421384811393,-7.7000014338493195,339000
0.25234317475557383,553.5,56.69082818234357,55.61968990357356,6.302609356302023,-250.8214649505617,-0.00047697467356920553,-7.725899078369133,-7.636899576663978,340000
0.2523550509214404,626.7,99.62032925061028,63.609199347348266,10.806968379221008,-250.6539648742673,-0.00372825745958835,-7.751531784534451,-7.688358746051786,341000
0.2513059571385387,596.4,132.8,60.631386279686176,14.416893610756661,-250.7059233856202,0.0012737157344818123,-7.712374558448782,-7.663311811447151,342000
0.2528154600560662,582.3,66.02582827954527,58.82577415254636,7.543714464945174,-250.6460279846193,0.0008738510347902848,-7.728761878490453,-7.615250045776378,343000
0.2521709322631363,690.2,141.58163722743143,70.2239721568585,15.441297455688336,-250.57289816284197,0.001648176308721308,-7.7631505026817385,-7.685155494213111,344000
0.25242814385890966,702.8,146.49423196836113,71.23823667171565,15.258139852636582,-250.67668362426775,0.0030892322314903208,-7.766422911167148,-7.709156649589538,345000
0.25278219935297985,678.9,141.14350852943963,68.8005203296794,15.50739404957362,-250.68923107910143,-0.003152762805111703,-7.774673826694478,-7.669089804649357,346000
0.2528952392339706,697.9,172.45663222967102,70.54235153779416,17.957856020962033,-250.75555873107896,0.0021231957897543917,-7.745159100055703,-7.666598363876343,347000
0.25210306462645504,593.0,74.19433940672293,60.25832633210702,8.228208420085307,-250.5301722106933,-0.006332622162066388,-7.7385826768875114,-7.6100056548118635,348000
0.2521682919859885,684.6,151.73938183609422,69.34433324943107,16.545843352323498,-250.38355793762238,0.008720747584477082,-7.786674739837638,-7.698579524040218,349000
0.25370825859904306,626.4,135.1792883543925,63.50878177182834,14.087109166667666,-250.6411517944338,-0.0074800826823339,-7.716833559036274,-7.644324624061591,350000
0.25234678798913956,731.4,155.03431878135885,74.48681322249755,16.47357265830638,-250.66996221923807,0.011567471166141341,-7.698949511528032,-7.684498230934141,351000
0.25348424208164183,651.6,146.63096535179736,66.17234035338244,15.48494985839564,-250.52375653076146,-0.005990482854656875,-7.7595636258125245,-7.680217108249663,352000
0.2522833183705811,641.1,119.72422478345808,64.89903713961819,13.002823617135126,-250.72813455200213,-0.006540223388932651,-7.7588519496917785,-7.674356533527392,353000
0.2513764612674713,553.4,95.06965867194432,56.04158122819008,10.61864587638836,-250.6833033905028,-0.009354013895615918,-7.6377676925659195,-7.560717975616443,354000
0.25079763920605186,744.5,142.49017509989943,75.52624483662494,15.075730247284827,-250.74997607421903,0.01369946643151342,-7.764984175205223,-7.6874125370979325,355000
0.2515625225603578,627.4,65.86683535740882,63.30516242084576,7.462104287023194,-250.67084829711885,-0.008959176102653146,-7.723747996330263,-7.658263257503513,356000
0.25192975184321387,642.9,78.71270545471042,65.1526714370298,9.009806261795267,-250.8511910552975,0.014763119647279381,-7.787663110256197,-7.727495407581331,357000
0.25204225537180924,694.2,94.77531324137104,70.43931167414725,10.512319643867084,-250.58227485656724,-0.013225837571546413,-7.782595248699182,-7.700039944171907,358000
0.25276503768563147,633.7,92.22803261481836,64.11809657533162,10.231263426065478,-250.60807244873052,0.0133214147714898,-7.763758289337151,-7.712890474796313,359000
0.25320421326160375,669.7,166.61515537309322,67.66733700506425,17.266269371612157,-250.7024251556398,-0.0002680813893675875,-7.773082934856418,-7.70311886835098,360000
0.25251160159707065,649.9,126.02654482290626,65.66693374328698,13.846555738108531,-250.72932376098626,-0.012790373264811946,-7.709769149780269,-7.634770811080952,361000
0.25144227778911565,649.2,107.4939998325488,65.24318689572908,11.874865817927285,-250.40709297180155,0.0016178091829642581,-7.78989207315445,-7.714192420005794,362000
0.25213212484121295,667.7,99.1564924752787,67.93287678375609,10.973327090729573,-250.4663091583252,0.008294300572015348,-7.709795472621934,-7.656162796974168,363000
0.25222875165939307,603.3,39.18430808372147,60.38173445630416,4.658096403586744,-250.53003643798843,-0.012747588268481196,-7.7283456745147685,-7.650186624050134,364000
0.25254638603329743,680.4,133.86127147162466,69.5186201665732,14.465243804669642,-250.53120158386238,0.010301360228098907,-7.832109873294826,-7.741838701724993,365000
0.25230620521306973,689.9,158.26398832330744,70.27571978182095,16.853373702843204,-250.34568244934067,0.0028609129879623597,-7.803693235397339,-7.7424894957542305,366000
0.25274612551927583,715.1,139.8559616176586,72.40129345094766,14.912541442722507,-250.47651719665512,-0.005601899262517689,-7.724888806819909,-7.632833260059349,367000
0.25151398926973345,659.2,102.27199030037501,66.95577243661165,11.524948140093755,-250.50633355712876,-0.012532613707706334,-7.775705419063569,-7.708954679965967,368000
0.2511090186238286,605.1,86.46322917865143,61.0503601439565,9.452490112486197,-250.28775267028803,0.009082558616995846,-7.802041683673862,-7.708231966495527,369000
0.25263326084613813,661.5,138.66235970875442,66.8936064386482,15.004659990820743,-250.36197720336875,0.010710197885520745,-7.803436868190766,-7.696180321216589,370000
0.25337848153710296,600.4,75.06423915553931,60.88459813528429,8.17130442269695,-250.34357382202134,0.0056688978262245705,-7.739646204948422,-7.654860053062428,371000
0.2529117587208754,611.2,60.47445741798764,61.58098055024336,6.904444481579806,-250.38598161315946,-0.008725578658282744,-7.776438378810875,-7.705379801273335,372000
0.25239016866683905,582.6,101.08333195932948,59.102268121555134,10.96767335856586,-250.34172186279264,-0.005307774794287978,-7.7288790946006785,-7.628699117660517,373000
0.25087325486540885,565.9,78.36127870319626,56.501696869245144,9.613917722952005,-250.1760557250978,-0.011493914860300734,-7.742134145736704,-7.693642367839812,374000
0.25205046412348764,564.1,58.430214786529746,57.2287780760616,6.667177344892465,-250.2812320556642,0.02277391164842992,-7.77985193395614,-7.7465860590934765,375000
0.25227932780981,676.6,152.57994625769143,68.95632444922536,16.499983126878327,-250.40340948486335,-0.010595004862174393,-7.741684883117676,-7.667000441551203,376000
0.252483041495085,562.1,109.14435395383492,57.05312460642744,12.023222747123969,-250.27365002441397,-0.0005758628500625452,-7.784352871418007,-7.7536580777168345,377000
0.25195282787084594,529.5,91.52513316024184,52.575262240564946,11.377874154536798,-250.53197224426296,-0.0024025507504120457,-7.766292377471927,-7.697380696296671,378000
0.25199106281995753,745.6,132.48260263143987,74.92363464318606,13.486706903382679,-250.32265144348153,0.0013371771159581937,-7.769370448589328,-7.69383731174469,379000
0.25243243062496207,680.2,194.4663467029707,68.24080020316627,20.367406139348503,-250.43815995788623,0.0024798153247684173,-7.7721756682396,-7.692129520893097,380000
0.2516788159906862,613.3,71.57520520403696,61.766127364352805,8.237959878968532,-250.2929780883787,-0.0037311864076182296,-7.736400886058809,-7.6932169303894105,381000
0.25223243901133485,618.6,70.40056817952538,62.36091187152507,7.720156197614878,-250.37429559326213,0.008549028249457483,-7.831746450901033,-7.7769465293884235,382000
0.25241744494438206,591.2,144.7796947088921,59.09288917647485,16.271844838521627,-250.24444117736826,-0.003906312912702554,-7.762395843505852,-7.650393567085262,383000
0.25251758322119694,539.6,47.617643788831046,54.268366786572344,5.6727881087382945,-250.35038758850104,-0.0020674679782241513,-7.7718559846878,-7.72381529998779,384000
0.2516180041432386,736.4,124.9281393441846,74.72795374560447,13.740240820037638,-250.28098295593307,0.0011358506251126588,-7.754314702987673,-7.7157986660003814,385000
0.252223943144083,576.1,99.09031234182281,58.05964973882005,11.144775183795758,-250.2418914337159,-0.000985343258827929,-7.808213856697074,-7.720113032341005,386000
0.25190838906168966,631.9,82.89686363186487,63.502012192426335,9.23276666415841,-250.24986642456034,0.0050903516262769625,-7.793573752403274,-7.7177217187881375,387000
0.2524823406636708,687.9,149.99496658221568,70.00738603757422,15.979580614608546,-250.2466059112551,-0.005303067660890527,-7.753279620170592,-7.67764980983735,388000
0.2512702419757849,533.5,68.7113527737593,53.68693031430273,8.069607819747755,-250.3863713378907,-0.004797928416170181,-7.76866033887863,-7.7089756145477315,389000
0.2520923293828967,631.2,150.7526450845888,64.03143296571123,16.46294695627581,-250.25818035888693,0.006108729221858089,-7.847144207954412,-7.744492141246798,390000
0.25154816931486135,589.7,104.8227551631801,59.14740051322441,11.632772301356017,-250.29563856506343,-0.005916740261949587,-7.751926510810846,-7.725249800205216,391000
0.2514272411465645,693.8,147.87819311852576,70.46745672494657,15.887832151415859,-250.10086463928235,0.00403335676435381,-7.8341385965347206,-7.732466927051529,392000
0.2516598821580415,621.6,89.34450178942183,62.8515203406917,9.98619284215292,-250.1604625549318,0.004590855154208831,-7.8251807470321575,-7.75557918357849,393000
0.2528119214177134,609.5,117.74570055844926,61.69767932543443,12.951002681688431,-250.16917041015589,0.002572760070674118,-7.834396144866937,-7.741286937236774,394000
0.25195807638764317,576.6,86.28232727505673,58.616713148847865,9.717669519448416,-250.08211268615744,-0.006988996518775829,-7.7824506878852775,-7.729535533428195,395000
0.2527377998232843,540.5,84.50591695260161,54.92120744930447,9.561418647363231,-250.21066371154802,0.0032685297988355034,-7.814619783401475,-7.720509128570556,396000
0.252895192354918,603.0,64.7286644385623,61.03072087351998,7.425389312734261,-250.03448318481446,0.0035844381162896677,-7.8098465514183,-7.720011944293965,397000
0.25259445190429647,627.9,73.10191515959072,63.41056649207965,8.000104626274458,-250.0691185455324,-0.008966348811984073,-7.805758348464971,-7.7461490907669175,398000
0.2519046128392226,502.1,98.77494621613316,49.32552104018029,12.396996602436829,-250.159352294922,0.010464941270649423,-7.847453942775733,-7.769107768058779,399000
0.2519535067975514,563.1,109.23868362443773,56.65361513323594,11.93485272787202,-250.21876855468756,-0.01482790838647632,-7.793590248107917,-7.71448504495622,400000
